siteID,plotID,nlcdClass,elevation,collectDate,sampleID,adultCount,nymphCount,larvaCount
HARV,HARV_022,evergreenForest,185.9,2016-04-14,NA,0,0,0
HARV,HARV_006,deciduousForest,190.8,2016-04-14,NA,0,0,0
HARV,HARV_026,evergreenForest,187.3,2016-04-14,NA,0,0,0
HARV,HARV_004,mixedForest,182.6,2016-04-14,HARV_004.20160414,2,0,0
HARV,HARV_001,deciduousForest,202.1,2016-04-15,NA,0,0,0
HARV,HARV_020,woodyWetlands,228.3,2016-04-15,NA,0,0,0
HARV,HARV_022,evergreenForest,185.9,2016-06-16,HARV_022.20160616,0,5,0
HARV,HARV_004,mixedForest,182.6,2016-06-16,HARV_004.20160616,0,9,6
HARV,HARV_020,woodyWetlands,228.3,2016-06-16,HARV_020.20160616,0,4,0
HARV,HARV_026,evergreenForest,187.3,2016-06-16,HARV_026.20160616,0,1,162
HARV,HARV_006,deciduousForest,190.8,2016-06-16,HARV_006.20160616,0,0,1
HARV,HARV_001,deciduousForest,202.1,2016-06-16,HARV_001.20160616,0,4,5
HARV,HARV_022,evergreenForest,185.9,2016-07-07,HARV_022.20160707,0,5,0
HARV,HARV_001,deciduousForest,202.1,2016-07-07,HARV_001.20160707,0,2,0
HARV,HARV_020,woodyWetlands,228.3,2016-07-07,HARV_020.20160707,1,6,0
HARV,HARV_004,mixedForest,182.6,2016-07-07,HARV_004.20160707,1,3,0
HARV,HARV_026,evergreenForest,187.3,2016-07-07,HARV_026.20160707,3,1,0
HARV,HARV_006,deciduousForest,190.8,2016-07-07,HARV_006.20160707,1,0,0
HARV,HARV_022,evergreenForest,185.9,2016-07-27,HARV_022.20160727,0,1,0
HARV,HARV_004,mixedForest,182.6,2016-07-27,HARV_004.20160727,0,1,0
HARV,HARV_020,woodyWetlands,228.3,2016-07-27,NA,0,0,0
HARV,HARV_001,deciduousForest,202.1,2016-07-27,NA,0,0,0
HARV,HARV_006,deciduousForest,190.8,2016-07-27,NA,0,0,0
HARV,HARV_026,evergreenForest,187.3,2016-07-27,NA,0,0,0
HARV,HARV_022,evergreenForest,185.9,2016-05-06,HARV_022.20160506,1,0,0
HARV,HARV_004,mixedForest,182.6,2016-05-06,HARV_004.20160506,1,0,0
HARV,HARV_020,woodyWetlands,228.3,2016-05-06,NA,0,0,0
HARV,HARV_026,evergreenForest,187.3,2016-05-06,NA,0,0,0
HARV,HARV_006,deciduousForest,190.8,2016-05-10,NA,0,0,0
HARV,HARV_001,deciduousForest,202.1,2016-05-10,NA,0,0,0
HARV,HARV_022,evergreenForest,185.9,2016-05-26,HARV_022.20160526,0,10,0
HARV,HARV_004,mixedForest,182.6,2016-05-26,HARV_004.20160526,1,8,0
HARV,HARV_020,woodyWetlands,228.3,2016-05-26,HARV_020.20160526,1,4,0
HARV,HARV_001,deciduousForest,202.1,2016-05-26,HARV_001.20160526,0,6,2
HARV,HARV_006,deciduousForest,190.8,2016-05-26,HARV_006.20160526,0,0,13
HARV,HARV_026,evergreenForest,187.3,2016-05-26,HARV_026.20160526,0,1,5
HARV,HARV_006,deciduousForest,190.8,2016-08-18,HARV_006.20160818,0,0,6
HARV,HARV_026,evergreenForest,187.3,2016-08-18,HARV_026.20160818,0,2,0
HARV,HARV_001,deciduousForest,202.1,2016-08-18,HARV_001.20160818,0,1,80
HARV,HARV_020,woodyWetlands,228.3,2016-08-18,HARV_020.20160818,0,1,5
HARV,HARV_004,mixedForest,182.6,2016-08-18,HARV_004.20160818,0,1,5
HARV,HARV_022,evergreenForest,185.9,2016-08-18,HARV_022.20160818,0,2,452
HARV,HARV_022,evergreenForest,185.9,2016-09-08,NA,0,0,0
HARV,HARV_006,deciduousForest,190.8,2016-09-08,NA,0,0,0
HARV,HARV_026,evergreenForest,187.3,2016-09-08,NA,0,0,0
HARV,HARV_001,deciduousForest,202.1,2016-09-08,NA,0,0,0
HARV,HARV_004,mixedForest,182.6,2016-09-08,NA,0,0,0
HARV,HARV_020,woodyWetlands,228.3,2016-09-08,HARV_020.20160908,0,1,0
HARV,HARV_022,evergreenForest,185.9,2016-09-29,NA,0,0,0
HARV,HARV_004,mixedForest,182.6,2016-09-29,NA,0,0,0
HARV,HARV_020,woodyWetlands,228.3,2016-09-29,NA,0,0,0
HARV,HARV_001,deciduousForest,202.1,2016-09-29,NA,0,0,0
HARV,HARV_026,evergreenForest,187.3,2016-09-29,NA,0,0,0
HARV,HARV_006,deciduousForest,190.8,2016-09-29,NA,0,0,0
HARV,HARV_004,mixedForest,182.6,2016-10-26,HARV_004.20161026,1,0,0
HARV,HARV_020,woodyWetlands,228.3,2016-10-26,NA,0,0,0
HARV,HARV_026,evergreenForest,187.3,2016-10-26,NA,0,0,0
HARV,HARV_006,deciduousForest,190.8,2016-10-26,HARV_006.20161026,0,98,0
HARV,HARV_001,deciduousForest,202.1,2016-10-26,NA,0,0,0
HARV,HARV_022,evergreenForest,185.9,2016-10-26,NA,0,0,0
HARV,HARV_004,mixedForest,182.6,2016-11-07,HARV_004.20161107,2,0,0
HARV,HARV_020,woodyWetlands,228.3,2016-11-07,NA,0,0,0
HARV,HARV_026,evergreenForest,187.3,2016-11-07,HARV_026.20161107,3,1,0
HARV,HARV_006,deciduousForest,190.8,2016-11-07,HARV_006.20161107,0,0,45
HARV,HARV_001,deciduousForest,202.1,2016-11-07,NA,0,0,0
HARV,HARV_022,evergreenForest,185.9,2016-11-07,NA,0,0,0
HARV,HARV_022,evergreenForest,185.9,2017-04-17,NA,0,0,0
HARV,HARV_006,deciduousForest,190.8,2017-04-17,HARV_006.20170417,0,1,0
HARV,HARV_026,evergreenForest,187.3,2017-04-17,NA,0,0,0
HARV,HARV_001,deciduousForest,202.1,2017-04-17,NA,0,0,0
HARV,HARV_004,mixedForest,182.6,2017-04-18,NA,0,0,0
HARV,HARV_020,woodyWetlands,228.3,2017-04-18,HARV_020.20170418,1,1,0
HARV,HARV_020,woodyWetlands,228.3,2017-06-02,HARV_020.20170602,2,0,0
HARV,HARV_022,evergreenForest,185.9,2017-06-02,HARV_022.20170602,1,0,2
HARV,HARV_006,deciduousForest,190.8,2017-06-20,NA,0,0,0
HARV,HARV_026,evergreenForest,187.3,2017-06-20,HARV_026.20170620,1,0,0
HARV,HARV_022,evergreenForest,185.9,2017-06-22,HARV_022.20170622,1,6,0
HARV,HARV_001,deciduousForest,202.1,2017-06-22,HARV_001.20170622,1,12,0
HARV,HARV_004,mixedForest,182.6,2017-06-22,HARV_004.20170622,1,6,0
HARV,HARV_020,woodyWetlands,228.3,2017-06-22,HARV_020.20170622,4,2,0
HARV,HARV_022,evergreenForest,185.9,2017-05-08,HARV_022.20170508,0,4,0
HARV,HARV_006,deciduousForest,190.8,2017-05-08,NA,0,0,0
HARV,HARV_026,evergreenForest,187.3,2017-05-08,HARV_026.20170508,2,1,0
HARV,HARV_020,woodyWetlands,228.3,2017-05-09,HARV_020.20170509,3,1,0
HARV,HARV_004,mixedForest,182.6,2017-05-09,HARV_004.20170509,5,1,0
HARV,HARV_001,deciduousForest,202.1,2017-05-09,HARV_001.20170509,1,0,0
HARV,HARV_006,deciduousForest,190.8,2017-05-30,HARV_006.20170530,0,1,0
HARV,HARV_026,evergreenForest,187.3,2017-05-30,HARV_026.20170530,3,0,0
HARV,HARV_001,deciduousForest,202.1,2017-05-30,HARV_001.20170530,3,17,0
HARV,HARV_004,mixedForest,182.6,2017-05-30,HARV_004.20170530,0,9,0
HARV,HARV_020,woodyWetlands,228.3,2017-07-10,HARV_020.20170710,2,3,0
HARV,HARV_022,evergreenForest,185.9,2017-07-10,HARV_022.20170710,0,7,3
HARV,HARV_006,deciduousForest,190.8,2017-07-10,HARV_006.20170710,1,2,0
HARV,HARV_026,evergreenForest,187.3,2017-07-10,HARV_026.20170710,1,2,0
HARV,HARV_001,deciduousForest,202.1,2017-07-10,HARV_001.20170710,1,9,0
HARV,HARV_004,mixedForest,182.6,2017-07-10,HARV_004.20170710,1,6,0
HARV,HARV_022,evergreenForest,185.9,2017-07-31,HARV_022.20170731,0,2,0
HARV,HARV_020,woodyWetlands,228.3,2017-07-31,HARV_020.20170731,2,3,0
HARV,HARV_004,mixedForest,182.6,2017-07-31,HARV_004.20170731,1,2,0
HARV,HARV_001,deciduousForest,202.1,2017-07-31,HARV_001.20170731,0,6,0
HARV,HARV_006,deciduousForest,190.8,2017-08-01,HARV_006.20170801,0,3,0
HARV,HARV_026,evergreenForest,187.3,2017-08-01,HARV_026.20170801,0,2,0
HARV,HARV_022,evergreenForest,185.9,2017-08-21,HARV_022.20170821,0,3,0
HARV,HARV_006,deciduousForest,190.8,2017-08-21,HARV_006.20170821,0,0,40
HARV,HARV_026,evergreenForest,187.3,2017-08-21,HARV_026.20170821,0,0,42
HARV,HARV_001,deciduousForest,202.1,2017-08-21,HARV_001.20170821,0,2,13
HARV,HARV_004,mixedForest,182.6,2017-08-21,HARV_004.20170821,0,0,6
HARV,HARV_020,woodyWetlands,228.3,2017-08-21,HARV_020.20170821,0,1,1
HARV,HARV_006,deciduousForest,190.8,2017-09-12,HARV_006.20170912,0,0,299
HARV,HARV_026,evergreenForest,187.3,2017-09-12,HARV_026.20170912,0,0,27
HARV,HARV_001,deciduousForest,202.1,2017-09-12,HARV_001.20170912,0,0,13
HARV,HARV_020,woodyWetlands,228.3,2017-09-12,HARV_020.20170912,0,1,6
HARV,HARV_004,mixedForest,182.6,2017-09-13,HARV_004.20170913,0,2,16
HARV,HARV_022,evergreenForest,185.9,2017-09-13,HARV_022.20170913,0,0,45
HARV,HARV_022,evergreenForest,185.9,2017-10-02,HARV_022.20171002,0,0,3
HARV,HARV_006,deciduousForest,190.8,2017-10-02,HARV_006.20171002,0,0,34
HARV,HARV_026,evergreenForest,187.3,2017-10-02,HARV_026.20171002,0,0,1
HARV,HARV_001,deciduousForest,202.1,2017-10-02,HARV_001.20171002,0,1,0
HARV,HARV_004,mixedForest,182.6,2017-10-02,HARV_004.20171002,0,1,0
HARV,HARV_020,woodyWetlands,228.3,2017-10-02,HARV_020.20171002,0,1,0
HARV,HARV_001,deciduousForest,202.1,2018-04-23,HARV_001.20180423,1,0,0
HARV,HARV_026,evergreenForest,187.3,2018-04-23,HARV_026.20180423,1,0,0
HARV,HARV_006,deciduousForest,190.8,2018-04-23,HARV_006.20180423,2,0,0
HARV,HARV_004,mixedForest,182.6,2018-04-23,NA,0,0,0
HARV,HARV_002,deciduousForest,187.7,2018-04-24,HARV_002.20180424,5,0,0
HARV,HARV_022,evergreenForest,185.9,2018-04-24,NA,0,0,0
HARV,HARV_022,evergreenForest,185.9,2018-05-14,HARV_022.20180514,1,3,1
HARV,HARV_006,deciduousForest,190.8,2018-05-14,HARV_006.20180514,2,0,0
HARV,HARV_026,evergreenForest,187.3,2018-05-14,HARV_026.20180514,2,0,0
HARV,HARV_001,deciduousForest,202.1,2018-05-14,HARV_001.20180514,1,0,0
HARV,HARV_004,mixedForest,182.6,2018-05-15,HARV_004.20180515,3,0,0
HARV,HARV_002,deciduousForest,187.7,2018-05-16,HARV_002.20180516,3,0,0
HARV,HARV_022,evergreenForest,185.9,2018-06-06,HARV_022.20180606,3,9,34
HARV,HARV_006,deciduousForest,190.8,2018-06-06,HARV_006.20180606,3,2,3
HARV,HARV_026,evergreenForest,187.3,2018-06-06,HARV_026.20180606,0,1,20
HARV,HARV_001,deciduousForest,202.1,2018-06-06,HARV_001.20180606,3,1,1
HARV,HARV_004,mixedForest,182.6,2018-06-06,HARV_004.20180606,2,0,0
HARV,HARV_002,deciduousForest,187.7,2018-06-07,HARV_002.20180607,8,0,0
HARV,HARV_001,deciduousForest,202.1,2018-06-25,HARV_001.20180625,0,1,0
HARV,HARV_006,deciduousForest,190.8,2018-06-25,HARV_006.20180625,0,1,0
HARV,HARV_022,evergreenForest,185.9,2018-06-25,HARV_022.20180625,0,9,4
HARV,HARV_002,deciduousForest,187.7,2018-06-26,HARV_002.20180626,3,3,7
HARV,HARV_004,mixedForest,182.6,2018-06-26,HARV_004.20180626,1,1,0
HARV,HARV_026,evergreenForest,187.3,2018-06-27,HARV_026.20180627,4,2,0
HARV,HARV_002,deciduousForest,187.7,2018-07-16,HARV_002.20180716,1,7,1
HARV,HARV_001,deciduousForest,202.1,2018-07-16,HARV_001.20180716,0,4,0
HARV,HARV_006,deciduousForest,190.8,2018-07-16,HARV_006.20180716,2,0,0
HARV,HARV_026,evergreenForest,187.3,2018-07-16,HARV_026.20180716,1,3,0
HARV,HARV_004,mixedForest,182.6,2018-07-16,HARV_004.20180716,1,2,0
HARV,HARV_022,evergreenForest,185.9,2018-07-16,HARV_022.20180716,0,9,1
HARV,HARV_006,deciduousForest,190.8,2018-08-07,NA,0,0,0
HARV,HARV_026,evergreenForest,187.3,2018-08-07,HARV_026.20180807,1,0,0
HARV,HARV_001,deciduousForest,202.1,2018-08-07,HARV_001.20180807,0,3,0
HARV,HARV_004,mixedForest,182.6,2018-08-07,NA,0,0,0
HARV,HARV_022,evergreenForest,185.9,2018-08-07,HARV_022.20180807,0,6,0
HARV,HARV_002,deciduousForest,187.7,2018-08-08,HARV_002.20180808,1,0,0
HARV,HARV_002,deciduousForest,187.7,2018-08-27,HARV_002.20180827,0,3,93
HARV,HARV_004,mixedForest,182.6,2018-08-27,HARV_004.20180827,0,0,10
HARV,HARV_026,evergreenForest,187.3,2018-08-27,HARV_026.20180827,0,3,33
HARV,HARV_006,deciduousForest,190.8,2018-08-27,HARV_006.20180827,0,0,55
HARV,HARV_022,evergreenForest,185.9,2018-08-28,HARV_022.20180828,2,2,231
HARV,HARV_001,deciduousForest,202.1,2018-08-28,HARV_001.20180828,0,1,0
HARV,HARV_022,evergreenForest,185.9,2019-04-22,NA,NA,NA,NA
HARV,HARV_026,evergreenForest,187.3,2019-04-22,HARV_026.20190422,NA,NA,NA
HARV,HARV_006,deciduousForest,190.8,2019-04-24,NA,NA,NA,NA
HARV,HARV_001,deciduousForest,202.1,2019-04-25,NA,NA,NA,NA
HARV,HARV_022,evergreenForest,185.9,2018-09-17,HARV_022.20180917,0,1,32
HARV,HARV_006,deciduousForest,190.8,2018-09-17,HARV_006.20180917,0,0,34
HARV,HARV_026,evergreenForest,187.3,2018-09-17,HARV_026.20180917,0,0,7
HARV,HARV_001,deciduousForest,202.1,2018-09-17,HARV_001.20180917,0,0,2
HARV,HARV_004,mixedForest,182.6,2018-09-17,HARV_004.20180917,0,1,22
HARV,HARV_002,deciduousForest,187.7,2018-09-20,HARV_002.20180920,0,2,37
HARV,HARV_022,evergreenForest,185.9,2019-05-15,NA,NA,NA,NA
HARV,HARV_026,evergreenForest,187.3,2019-05-15,HARV_026.20190515,NA,NA,NA
HARV,HARV_001,deciduousForest,202.1,2019-05-15,NA,NA,NA,NA
HARV,HARV_006,deciduousForest,190.8,2019-05-15,HARV_006.20190515,NA,NA,NA
HARV,HARV_004,mixedForest,182.6,2019-05-15,HARV_004.20190515,NA,NA,NA
HARV,HARV_006,deciduousForest,190.8,2019-07-15,HARV_006.20190715,NA,NA,NA
HARV,HARV_026,evergreenForest,187.3,2019-07-15,HARV_026.20190715,NA,NA,NA
HARV,HARV_022,evergreenForest,185.9,2019-07-16,HARV_022.20190716,NA,NA,NA
HARV,HARV_001,deciduousForest,202.1,2019-07-16,HARV_001.20190716,NA,NA,NA
HARV,HARV_004,mixedForest,182.6,2019-07-16,HARV_004.20190716,NA,NA,NA
HARV,HARV_002,deciduousForest,187.7,2019-07-16,HARV_002.20190716,NA,NA,NA
HARV,HARV_022,evergreenForest,185.9,2019-06-04,HARV_022.20190604,NA,NA,NA
HARV,HARV_004,mixedForest,182.6,2019-06-04,HARV_004.20190604,NA,NA,NA
HARV,HARV_006,deciduousForest,190.8,2019-06-04,HARV_006.20190604,NA,NA,NA
HARV,HARV_026,evergreenForest,187.3,2019-06-04,HARV_026.20190604,NA,NA,NA
HARV,HARV_001,deciduousForest,202.1,2019-06-05,NA,NA,NA,NA
HARV,HARV_002,deciduousForest,187.7,2019-06-05,HARV_002.20190605,NA,NA,NA
HARV,HARV_002,deciduousForest,187.7,2019-06-24,HARV_002.20190624,NA,NA,NA
HARV,HARV_004,mixedForest,182.6,2019-06-24,HARV_004.20190624,NA,NA,NA
HARV,HARV_001,deciduousForest,202.1,2019-06-24,HARV_001.20190624,NA,NA,NA
HARV,HARV_006,deciduousForest,190.8,2019-06-24,HARV_006.20190624,NA,NA,NA
HARV,HARV_026,evergreenForest,187.3,2019-06-24,HARV_026.20190624,NA,NA,NA
HARV,HARV_022,evergreenForest,185.9,2019-06-24,HARV_022.20190624,NA,NA,NA
HARV,HARV_006,deciduousForest,190.8,2019-08-05,HARV_006.20190805,NA,NA,NA
HARV,HARV_026,evergreenForest,187.3,2019-08-05,HARV_026.20190805,NA,NA,NA
HARV,HARV_022,evergreenForest,185.9,2019-08-05,HARV_022.20190805,NA,NA,NA
HARV,HARV_001,deciduousForest,202.1,2019-08-06,HARV_001.20190806,NA,NA,NA
HARV,HARV_004,mixedForest,182.6,2019-08-06,HARV_004.20190806,NA,NA,NA
HARV,HARV_002,deciduousForest,187.7,2019-08-06,HARV_002.20190806,NA,NA,NA
HARV,HARV_022,evergreenForest,185.9,2019-08-26,HARV_022.20190826,NA,NA,NA
HARV,HARV_002,deciduousForest,187.7,2019-08-26,HARV_002.20190826,NA,NA,NA
HARV,HARV_004,mixedForest,182.6,2019-08-26,HARV_004.20190826,NA,NA,NA
HARV,HARV_001,deciduousForest,202.1,2019-08-27,HARV_001.20190827,NA,NA,NA
HARV,HARV_026,evergreenForest,187.3,2019-08-27,HARV_026.20190827,NA,NA,NA
HARV,HARV_006,deciduousForest,190.8,2019-08-27,HARV_006.20190827,NA,NA,NA
HARV,HARV_006,deciduousForest,190.8,2019-09-16,HARV_006.20190916,NA,NA,NA
HARV,HARV_026,evergreenForest,187.3,2019-09-16,HARV_026.20190916,NA,NA,NA
HARV,HARV_001,deciduousForest,202.1,2019-09-16,HARV_001.20190916,NA,NA,NA
HARV,HARV_002,deciduousForest,187.7,2019-09-17,HARV_002.20190917,NA,NA,NA
HARV,HARV_004,mixedForest,182.6,2019-09-17,HARV_004.20190917,NA,NA,NA
HARV,HARV_022,evergreenForest,185.9,2019-09-17,HARV_022.20190917,NA,NA,NA
HARV,HARV_006,deciduousForest,190.8,2020-05-18,NA,NA,NA,NA
HARV,HARV_004,mixedForest,182.6,2020-05-18,NA,NA,NA,NA
HARV,HARV_001,deciduousForest,202.1,2020-05-18,NA,NA,NA,NA
HARV,HARV_022,evergreenForest,185.9,2020-05-18,NA,NA,NA,NA
HARV,HARV_002,deciduousForest,187.7,2020-05-18,NA,NA,NA,NA
HARV,HARV_026,evergreenForest,187.3,2020-05-18,NA,NA,NA,NA
HARV,HARV_006,deciduousForest,190.8,2020-04-27,NA,NA,NA,NA
HARV,HARV_026,evergreenForest,187.3,2020-04-27,NA,NA,NA,NA
HARV,HARV_001,deciduousForest,202.1,2020-04-27,NA,NA,NA,NA
HARV,HARV_004,mixedForest,182.6,2020-04-27,NA,NA,NA,NA
HARV,HARV_022,evergreenForest,185.9,2020-04-27,NA,NA,NA,NA
HARV,HARV_002,deciduousForest,187.7,2020-04-27,NA,NA,NA,NA
HARV,HARV_026,evergreenForest,187.3,2020-06-08,NA,NA,NA,NA
HARV,HARV_002,deciduousForest,187.7,2020-06-08,NA,NA,NA,NA
HARV,HARV_004,mixedForest,182.6,2020-06-08,NA,NA,NA,NA
HARV,HARV_006,deciduousForest,190.8,2020-06-08,NA,NA,NA,NA
HARV,HARV_001,deciduousForest,202.1,2020-06-08,NA,NA,NA,NA
HARV,HARV_022,evergreenForest,185.9,2020-06-08,NA,NA,NA,NA
HARV,HARV_001,deciduousForest,202.1,2020-07-02,HARV_001.20200702,NA,NA,NA
HARV,HARV_022,evergreenForest,185.9,2020-07-05,HARV_022.20200705,NA,NA,NA
HARV,HARV_004,mixedForest,182.6,2020-07-05,HARV_004.20200705,NA,NA,NA
HARV,HARV_006,deciduousForest,190.8,2020-07-05,HARV_006.20200705,NA,NA,NA
HARV,HARV_026,evergreenForest,187.3,2020-07-05,HARV_026.20200705,NA,NA,NA
HARV,HARV_002,deciduousForest,187.7,2020-07-05,HARV_002.20200705,NA,NA,NA
HARV,HARV_004,mixedForest,182.6,2020-07-24,HARV_004.20200724,NA,NA,NA
HARV,HARV_022,evergreenForest,185.9,2020-07-24,HARV_022.20200724,NA,NA,NA
HARV,HARV_002,deciduousForest,187.7,2020-07-26,HARV_002.20200726,NA,NA,NA
HARV,HARV_001,deciduousForest,202.1,2020-07-26,HARV_001.20200726,NA,NA,NA
HARV,HARV_006,deciduousForest,190.8,2020-07-26,HARV_006.20200726,NA,NA,NA
HARV,HARV_026,evergreenForest,187.3,2020-07-26,HARV_026.20200726,NA,NA,NA
HARV,HARV_022,evergreenForest,185.9,2020-08-09,HARV_022.20200809,NA,NA,NA
HARV,HARV_004,mixedForest,182.6,2020-08-10,HARV_004.20200810,NA,NA,NA
HARV,HARV_026,evergreenForest,187.3,2020-08-10,HARV_026.20200810,NA,NA,NA
HARV,HARV_006,deciduousForest,190.8,2020-08-10,HARV_006.20200810,NA,NA,NA
HARV,HARV_002,deciduousForest,187.7,2020-08-11,HARV_002.20200811,NA,NA,NA
HARV,HARV_001,deciduousForest,202.1,2020-08-11,HARV_001.20200811,NA,NA,NA
HARV,HARV_022,evergreenForest,185.9,2020-09-04,HARV_022.20200904,NA,NA,NA
HARV,HARV_004,mixedForest,182.6,2020-09-04,HARV_004.20200904,NA,NA,NA
HARV,HARV_006,deciduousForest,190.8,2020-09-05,HARV_006.20200905,NA,NA,NA
HARV,HARV_002,deciduousForest,187.7,2020-09-05,HARV_002.20200905,NA,NA,NA
HARV,HARV_026,evergreenForest,187.3,2020-09-05,HARV_026.20200905,NA,NA,NA
HARV,HARV_001,deciduousForest,202.1,2020-09-05,HARV_001.20200905,NA,NA,NA
HARV,HARV_022,evergreenForest,185.9,2021-04-20,NA,NA,NA,NA
HARV,HARV_026,evergreenForest,187.3,2021-04-20,NA,NA,NA,NA
HARV,HARV_006,deciduousForest,190.8,2021-04-20,HARV_006.20210420,NA,NA,NA
HARV,HARV_001,deciduousForest,202.1,2021-04-23,NA,NA,NA,NA
HARV,HARV_004,mixedForest,182.6,2021-04-23,HARV_004.20210423,NA,NA,NA
HARV,HARV_002,deciduousForest,187.7,2021-04-23,NA,NA,NA,NA
HARV,HARV_022,evergreenForest,185.9,2021-05-12,NA,NA,NA,NA
HARV,HARV_001,deciduousForest,202.1,2021-05-12,NA,NA,NA,NA
HARV,HARV_004,mixedForest,182.6,2021-05-12,HARV_004.20210512,NA,NA,NA
HARV,HARV_006,deciduousForest,190.8,2021-05-13,HARV_006.20210513,NA,NA,NA
HARV,HARV_026,evergreenForest,187.3,2021-05-13,HARV_026.20210513,NA,NA,NA
HARV,HARV_002,deciduousForest,187.7,2021-05-13,HARV_002.20210513,NA,NA,NA
HARV,HARV_004,mixedForest,182.6,2021-05-31,NA,NA,NA,NA
HARV,HARV_001,deciduousForest,202.1,2021-05-31,NA,NA,NA,NA
HARV,HARV_006,deciduousForest,190.8,2021-05-31,NA,NA,NA,NA
HARV,HARV_026,evergreenForest,187.3,2021-05-31,NA,NA,NA,NA
HARV,HARV_022,evergreenForest,185.9,2021-05-31,NA,NA,NA,NA
HARV,HARV_002,deciduousForest,187.7,2021-05-31,NA,NA,NA,NA
HARV,HARV_006,deciduousForest,190.8,2021-06-23,HARV_006.20210623,NA,NA,NA
HARV,HARV_026,evergreenForest,187.3,2021-06-23,HARV_026.20210623,NA,NA,NA
HARV,HARV_001,deciduousForest,202.1,2021-06-23,HARV_001.20210623,NA,NA,NA
HARV,HARV_004,mixedForest,182.6,2021-06-23,HARV_004.20210623,NA,NA,NA
HARV,HARV_002,deciduousForest,187.7,2021-06-24,HARV_002.20210624,NA,NA,NA
HARV,HARV_022,evergreenForest,185.9,2021-06-24,HARV_022.20210624,NA,NA,NA
HARV,HARV_001,deciduousForest,202.1,2021-07-15,HARV_001.20210715,NA,NA,NA
HARV,HARV_006,deciduousForest,190.8,2021-07-15,HARV_006.20210715,NA,NA,NA
HARV,HARV_002,deciduousForest,187.7,2021-07-15,NA,NA,NA,NA
HARV,HARV_022,evergreenForest,185.9,2021-07-15,NA,NA,NA,NA
HARV,HARV_026,evergreenForest,187.3,2021-07-15,HARV_026.20210715,NA,NA,NA
HARV,HARV_004,mixedForest,182.6,2021-07-15,HARV_004.20210715,NA,NA,NA
HARV,HARV_022,evergreenForest,185.9,2021-09-14,HARV_022.20210914,NA,NA,NA
HARV,HARV_026,evergreenForest,187.3,2021-09-14,NA,NA,NA,NA
HARV,HARV_006,deciduousForest,190.8,2021-09-14,HARV_006.20210914,NA,NA,NA
HARV,HARV_001,deciduousForest,202.1,2021-09-14,HARV_001.20210914,NA,NA,NA
HARV,HARV_004,mixedForest,182.6,2021-09-14,HARV_004.20210914,NA,NA,NA
HARV,HARV_002,deciduousForest,187.7,2021-09-15,HARV_002.20210915,NA,NA,NA
HARV,HARV_022,evergreenForest,185.9,2022-04-18,HARV_022.20220418,NA,NA,NA
HARV,HARV_001,deciduousForest,202.1,2022-04-18,NA,NA,NA,NA
HARV,HARV_004,mixedForest,182.6,2022-04-18,HARV_004.20220418,NA,NA,NA
HARV,HARV_002,deciduousForest,187.7,2022-04-18,HARV_002.20220418,NA,NA,NA
HARV,HARV_006,deciduousForest,190.8,2022-04-20,HARV_006.20220420,NA,NA,NA
HARV,HARV_026,evergreenForest,187.3,2022-04-20,HARV_026.20220420,NA,NA,NA
HARV,HARV_026,evergreenForest,187.3,2021-08-02,HARV_026.20210802,NA,NA,NA
HARV,HARV_001,deciduousForest,202.1,2021-08-02,HARV_001.20210802,NA,NA,NA
HARV,HARV_022,evergreenForest,185.9,2021-08-03,HARV_022.20210803,NA,NA,NA
HARV,HARV_002,deciduousForest,187.7,2021-08-04,HARV_002.20210804,NA,NA,NA
HARV,HARV_006,deciduousForest,190.8,2021-08-04,HARV_006.20210804,NA,NA,NA
HARV,HARV_004,mixedForest,182.6,2021-08-04,HARV_004.20210804,NA,NA,NA
HARV,HARV_022,evergreenForest,185.9,2021-08-24,HARV_022.20210824,NA,NA,NA
HARV,HARV_026,evergreenForest,187.3,2021-08-24,NA,NA,NA,NA
HARV,HARV_006,deciduousForest,190.8,2021-08-26,NA,NA,NA,NA
HARV,HARV_001,deciduousForest,202.1,2021-08-26,HARV_001.20210826,NA,NA,NA
HARV,HARV_004,mixedForest,182.6,2021-08-26,HARV_004.20210826,NA,NA,NA
HARV,HARV_002,deciduousForest,187.7,2021-08-26,HARV_002.20210826,NA,NA,NA
HARV,HARV_022,evergreenForest,185.9,2022-05-10,NA,NA,NA,NA
HARV,HARV_001,deciduousForest,202.1,2022-05-10,HARV_001.20220510,NA,NA,NA
HARV,HARV_002,deciduousForest,187.7,2022-05-10,NA,NA,NA,NA
HARV,HARV_006,deciduousForest,190.8,2022-05-11,HARV_006.20220511,NA,NA,NA
HARV,HARV_026,evergreenForest,187.3,2022-05-11,NA,NA,NA,NA
HARV,HARV_004,mixedForest,182.6,2022-05-11,HARV_004.20220511,NA,NA,NA
HARV,HARV_022,evergreenForest,185.9,2022-05-30,NA,NA,NA,NA
HARV,HARV_006,deciduousForest,190.8,2022-05-30,HARV_006.20220530,NA,NA,NA
HARV,HARV_026,evergreenForest,187.3,2022-05-30,NA,NA,NA,NA
HARV,HARV_001,deciduousForest,202.1,2022-05-30,HARV_001.20220530,NA,NA,NA
HARV,HARV_002,deciduousForest,187.7,2022-05-31,HARV_002.20220531,NA,NA,NA
HARV,HARV_004,mixedForest,182.6,2022-05-31,HARV_004.20220531,NA,NA,NA
HARV,HARV_004,mixedForest,182.6,2022-06-20,HARV_004.20220620,NA,NA,NA
HARV,HARV_026,evergreenForest,187.3,2022-06-20,NA,NA,NA,NA
HARV,HARV_006,deciduousForest,190.8,2022-06-20,HARV_006.20220620,NA,NA,NA
HARV,HARV_001,deciduousForest,202.1,2022-06-20,HARV_001.20220620,NA,NA,NA
HARV,HARV_022,evergreenForest,185.9,2022-06-21,HARV_022.20220621,NA,NA,NA
HARV,HARV_002,deciduousForest,187.7,2022-06-21,HARV_002.20220621,NA,NA,NA
HARV,HARV_004,mixedForest,182.6,2022-07-11,HARV_004.20220711,NA,NA,NA
HARV,HARV_026,evergreenForest,187.3,2022-07-11,HARV_026.20220711,NA,NA,NA
HARV,HARV_006,deciduousForest,190.8,2022-07-11,HARV_006.20220711,NA,NA,NA
HARV,HARV_001,deciduousForest,202.1,2022-07-11,NA,NA,NA,NA
HARV,HARV_022,evergreenForest,185.9,2022-07-12,HARV_022.20220712,NA,NA,NA
HARV,HARV_002,deciduousForest,187.7,2022-07-12,HARV_002.20220712,NA,NA,NA
HARV,HARV_002,deciduousForest,187.7,2022-08-03,HARV_002.20220803,NA,NA,NA
HARV,HARV_001,deciduousForest,202.1,2022-08-03,HARV_001.20220803,NA,NA,NA
HARV,HARV_022,evergreenForest,185.9,2022-08-04,HARV_022.20220804,NA,NA,NA
HARV,HARV_006,deciduousForest,190.8,2022-08-04,HARV_006.20220804,NA,NA,NA
HARV,HARV_026,evergreenForest,187.3,2022-08-04,HARV_026.20220804,NA,NA,NA
HARV,HARV_004,mixedForest,182.6,2022-08-04,HARV_004.20220804,NA,NA,NA
HARV,HARV_022,evergreenForest,185.9,2022-08-24,NA,NA,NA,NA
HARV,HARV_001,deciduousForest,202.1,2022-08-24,NA,NA,NA,NA
HARV,HARV_002,deciduousForest,187.7,2022-08-24,NA,NA,NA,NA
HARV,HARV_004,mixedForest,182.6,2022-08-24,HARV_004.20220824,NA,NA,NA
HARV,HARV_026,evergreenForest,187.3,2022-08-25,NA,NA,NA,NA
HARV,HARV_006,deciduousForest,190.8,2022-08-25,NA,NA,NA,NA
HARV,HARV_022,evergreenForest,185.9,2023-04-24,NA,NA,NA,NA
HARV,HARV_004,mixedForest,182.6,2023-04-24,NA,NA,NA,NA
HARV,HARV_001,deciduousForest,202.1,2023-04-24,NA,NA,NA,NA
HARV,HARV_026,evergreenForest,187.3,2023-04-24,NA,NA,NA,NA
HARV,HARV_002,deciduousForest,187.7,2023-04-24,NA,NA,NA,NA
HARV,HARV_006,deciduousForest,190.8,2023-04-24,NA,NA,NA,NA
HARV,HARV_002,deciduousForest,187.7,2022-09-13,NA,NA,NA,NA
HARV,HARV_001,deciduousForest,202.1,2022-09-13,NA,NA,NA,NA
HARV,HARV_004,mixedForest,182.6,2022-09-13,NA,NA,NA,NA
HARV,HARV_022,evergreenForest,185.9,2022-09-14,HARV_022.20220914,NA,NA,NA
HARV,HARV_006,deciduousForest,190.8,2022-09-15,NA,NA,NA,NA
HARV,HARV_026,evergreenForest,187.3,2022-09-15,HARV_026.20220915,NA,NA,NA
HARV,HARV_022,evergreenForest,185.9,2023-06-06,HARV_022.20230606,NA,NA,NA
HARV,HARV_001,deciduousForest,202.1,2023-06-06,HARV_001.20230606,NA,NA,NA
HARV,HARV_026,evergreenForest,187.3,2023-06-06,NA,NA,NA,NA
HARV,HARV_006,deciduousForest,190.8,2023-06-06,NA,NA,NA,NA
HARV,HARV_004,mixedForest,182.6,2023-06-06,HARV_004.20230606,NA,NA,NA
HARV,HARV_022,evergreenForest,185.9,2023-06-12,HARV_022.20230612,NA,NA,NA
HARV,HARV_002,deciduousForest,187.7,2023-06-14,HARV_002.20230614,NA,NA,NA
HARV,HARV_001,deciduousForest,202.1,2023-06-14,HARV_001.20230614,NA,NA,NA
HARV,HARV_022,evergreenForest,185.9,2023-06-26,HARV_022.20230626,NA,NA,NA
HARV,HARV_006,deciduousForest,190.8,2023-06-26,HARV_006.20230626,NA,NA,NA
HARV,HARV_001,deciduousForest,202.1,2023-06-30,HARV_001.20230630,NA,NA,NA
HARV,HARV_004,mixedForest,182.6,2023-06-30,HARV_004.20230630,NA,NA,NA
HARV,HARV_026,evergreenForest,187.3,2023-06-30,HARV_026.20230630,NA,NA,NA
HARV,HARV_002,deciduousForest,187.7,2023-06-30,HARV_002.20230630,NA,NA,NA
HARV,HARV_004,mixedForest,182.6,2023-05-15,HARV_004.20230515,NA,NA,NA
HARV,HARV_022,evergreenForest,185.9,2023-05-18,NA,NA,NA,NA
HARV,HARV_006,deciduousForest,190.8,2023-05-18,HARV_006.20230518,NA,NA,NA
HARV,HARV_026,evergreenForest,187.3,2023-05-18,HARV_026.20230518,NA,NA,NA
HARV,HARV_001,deciduousForest,202.1,2023-05-18,HARV_001.20230518,NA,NA,NA
HARV,HARV_002,deciduousForest,187.7,2023-05-18,NA,NA,NA,NA
HARV,HARV_022,evergreenForest,185.9,2023-07-17,HARV_022.20230717,NA,NA,NA
HARV,HARV_001,deciduousForest,202.1,2023-07-18,HARV_001.20230718,NA,NA,NA
HARV,HARV_006,deciduousForest,190.8,2023-07-18,HARV_006.20230718,NA,NA,NA
HARV,HARV_004,mixedForest,182.6,2023-07-18,HARV_004.20230718,NA,NA,NA
HARV,HARV_026,evergreenForest,187.3,2023-07-18,HARV_026.20230718,NA,NA,NA
HARV,HARV_002,deciduousForest,187.7,2023-07-18,HARV_002.20230718,NA,NA,NA
HARV,HARV_022,evergreenForest,185.9,2023-08-07,HARV_022.20230807,NA,NA,NA
HARV,HARV_026,evergreenForest,187.3,2023-08-07,HARV_026.20230807,NA,NA,NA
HARV,HARV_001,deciduousForest,202.1,2023-08-09,HARV_001.20230809,NA,NA,NA
HARV,HARV_002,deciduousForest,187.7,2023-08-09,HARV_002.20230809,NA,NA,NA
HARV,HARV_006,deciduousForest,190.8,2023-08-09,HARV_006.20230809,NA,NA,NA
HARV,HARV_004,mixedForest,182.6,2023-08-09,HARV_004.20230809,NA,NA,NA
HARV,HARV_002,deciduousForest,187.7,2023-08-28,HARV_002.20230828,NA,NA,NA
HARV,HARV_026,evergreenForest,187.3,2023-08-28,HARV_026.20230828,NA,NA,NA
HARV,HARV_001,deciduousForest,202.1,2023-08-28,HARV_001.20230828,NA,NA,NA
HARV,HARV_004,mixedForest,182.6,2023-08-28,HARV_004.20230828,NA,NA,NA
HARV,HARV_022,evergreenForest,185.9,2023-08-28,HARV_022.20230828,NA,NA,NA
HARV,HARV_006,deciduousForest,190.8,2023-08-28,HARV_006.20230828,NA,NA,NA
DELA,DELA_008,woodyWetlands,25.3,2016-05-05,DELA_008.20160505,0,1,0
DELA,DELA_016,evergreenForest,23.6,2016-05-05,DELA_016.20160505,2,0,0
DELA,DELA_005,woodyWetlands,26.8,2016-05-05,NA,0,0,0
DELA,DELA_014,evergreenForest,32.4,2016-05-05,NA,0,0,0
DELA,DELA_007,woodyWetlands,25.7,2016-05-23,NA,0,0,0
DELA,DELA_005,woodyWetlands,26.8,2016-05-23,DELA_005.20160523,0,1,0
DELA,DELA_016,evergreenForest,23.6,2016-05-23,NA,0,0,0
DELA,DELA_014,evergreenForest,32.4,2016-05-23,DELA_014.20160523,0,1,0
DELA,DELA_001,woodyWetlands,24.6,2016-05-23,DELA_001.20160523,1,0,0
DELA,DELA_008,woodyWetlands,25.3,2016-05-23,NA,0,0,0
HARV,HARV_022,evergreenForest,185.9,2023-09-20,HARV_022.20230920,NA,NA,NA
HARV,HARV_002,deciduousForest,187.7,2023-09-20,HARV_002.20230920,NA,NA,NA
HARV,HARV_004,mixedForest,182.6,2023-09-21,HARV_004.20230921,NA,NA,NA
HARV,HARV_026,evergreenForest,187.3,2023-09-21,HARV_026.20230921,NA,NA,NA
HARV,HARV_001,deciduousForest,202.1,2023-09-21,HARV_001.20230921,NA,NA,NA
HARV,HARV_006,deciduousForest,190.8,2023-09-21,HARV_006.20230921,NA,NA,NA
DELA,DELA_007,woodyWetlands,25.7,2016-06-16,NA,0,0,0
DELA,DELA_016,evergreenForest,23.6,2016-06-16,NA,0,0,0
DELA,DELA_001,woodyWetlands,24.6,2016-06-16,NA,0,0,0
DELA,DELA_008,woodyWetlands,25.3,2016-06-16,NA,0,0,0
DELA,DELA_005,woodyWetlands,26.8,2016-06-16,DELA_005.20160616,0,1,0
DELA,DELA_014,evergreenForest,32.4,2016-06-16,NA,0,0,0
DELA,DELA_007,woodyWetlands,25.7,2016-07-13,NA,0,0,0
DELA,DELA_016,evergreenForest,23.6,2016-07-13,NA,0,0,0
DELA,DELA_001,woodyWetlands,24.6,2016-07-13,NA,0,0,0
DELA,DELA_008,woodyWetlands,25.3,2016-07-13,NA,0,0,0
DELA,DELA_014,evergreenForest,32.4,2016-07-13,NA,0,0,0
DELA,DELA_005,woodyWetlands,26.8,2016-07-13,NA,0,0,0
DELA,DELA_001,woodyWetlands,24.6,2016-07-25,NA,0,0,0
DELA,DELA_008,woodyWetlands,25.3,2016-07-25,NA,0,0,0
DELA,DELA_016,evergreenForest,23.6,2016-07-25,NA,0,0,0
DELA,DELA_014,evergreenForest,32.4,2016-07-25,NA,0,0,0
DELA,DELA_007,woodyWetlands,25.7,2016-07-25,NA,0,0,0
DELA,DELA_005,woodyWetlands,26.8,2016-07-25,NA,0,0,0
DELA,DELA_014,evergreenForest,32.4,2016-08-25,NA,0,0,0
DELA,DELA_005,woodyWetlands,26.8,2016-08-25,NA,0,0,0
DELA,DELA_008,woodyWetlands,25.3,2016-08-25,NA,0,0,0
DELA,DELA_001,woodyWetlands,24.6,2016-08-25,NA,0,0,0
DELA,DELA_016,evergreenForest,23.6,2016-08-25,NA,0,0,0
DELA,DELA_007,woodyWetlands,25.7,2016-08-25,DELA_007.20160825,0,3,0
DELA,DELA_001,woodyWetlands,24.6,2016-09-15,NA,0,0,0
DELA,DELA_008,woodyWetlands,25.3,2016-09-15,DELA_008.20160915,0,2,0
DELA,DELA_016,evergreenForest,23.6,2016-09-15,NA,0,0,0
DELA,DELA_005,woodyWetlands,26.8,2016-09-15,DELA_005.20160915,0,2,0
DELA,DELA_007,woodyWetlands,25.7,2016-09-15,NA,0,0,0
DELA,DELA_014,evergreenForest,32.4,2016-09-15,NA,0,0,0
DELA,DELA_001,woodyWetlands,24.6,2016-10-06,NA,0,0,0
DELA,DELA_016,evergreenForest,23.6,2016-10-06,NA,0,0,0
DELA,DELA_007,woodyWetlands,25.7,2016-10-06,NA,0,0,0
DELA,DELA_008,woodyWetlands,25.3,2016-10-06,NA,0,0,0
DELA,DELA_014,evergreenForest,32.4,2016-10-06,NA,0,0,0
DELA,DELA_005,woodyWetlands,26.8,2016-10-06,NA,0,0,0
DELA,DELA_014,evergreenForest,32.4,2016-10-19,NA,0,0,0
DELA,DELA_016,evergreenForest,23.6,2016-10-19,NA,0,0,0
DELA,DELA_008,woodyWetlands,25.3,2016-10-19,DELA_008.20161019,0,0,1
DELA,DELA_007,woodyWetlands,25.7,2016-10-19,NA,0,0,0
DELA,DELA_001,woodyWetlands,24.6,2016-10-19,NA,0,0,0
DELA,DELA_005,woodyWetlands,26.8,2016-10-19,NA,0,0,0
DELA,DELA_007,woodyWetlands,25.7,2016-11-17,NA,0,0,0
DELA,DELA_008,woodyWetlands,25.3,2016-11-17,DELA_008.20161117,0,0,1
DELA,DELA_016,evergreenForest,23.6,2016-11-17,NA,0,0,0
DELA,DELA_014,evergreenForest,32.4,2016-11-17,NA,0,0,0
DELA,DELA_008,woodyWetlands,25.3,2017-03-06,NA,0,0,0
DELA,DELA_005,woodyWetlands,26.8,2017-03-06,NA,0,0,0
DELA,DELA_014,evergreenForest,32.4,2017-03-06,NA,0,0,0
DELA,DELA_016,evergreenForest,23.6,2017-03-06,NA,0,0,0
DELA,DELA_001,woodyWetlands,24.6,2017-03-06,NA,0,0,0
DELA,DELA_007,woodyWetlands,25.7,2017-03-06,NA,0,0,0
DELA,DELA_016,evergreenForest,23.6,2017-03-27,DELA_016.20170327,0,1,0
DELA,DELA_007,woodyWetlands,25.7,2017-03-27,NA,0,0,0
DELA,DELA_005,woodyWetlands,26.8,2017-03-27,DELA_005.20170327,1,1,0
DELA,DELA_014,evergreenForest,32.4,2017-03-27,NA,0,0,0
DELA,DELA_008,woodyWetlands,25.3,2017-03-29,NA,0,0,0
DELA,DELA_001,woodyWetlands,24.6,2017-03-29,NA,0,0,0
DELA,DELA_007,woodyWetlands,25.7,2017-04-19,NA,0,0,0
DELA,DELA_008,woodyWetlands,25.3,2017-04-19,NA,0,0,0
DELA,DELA_014,evergreenForest,32.4,2017-04-19,NA,0,0,0
DELA,DELA_005,woodyWetlands,26.8,2017-04-19,DELA_005.20170419,0,1,0
DELA,DELA_016,evergreenForest,23.6,2017-04-19,NA,0,0,0
DELA,DELA_005,woodyWetlands,26.8,2017-05-10,NA,0,0,0
DELA,DELA_014,evergreenForest,32.4,2017-05-10,NA,0,0,0
DELA,DELA_007,woodyWetlands,25.7,2017-05-10,DELA_007.20170510,1,3,0
DELA,DELA_001,woodyWetlands,24.6,2017-05-10,NA,0,0,0
DELA,DELA_016,evergreenForest,23.6,2017-05-10,NA,0,0,0
DELA,DELA_008,woodyWetlands,25.3,2017-05-10,DELA_008.20170510,1,0,0
DELA,DELA_001,woodyWetlands,24.6,2017-06-01,NA,0,0,0
DELA,DELA_005,woodyWetlands,26.8,2017-06-01,NA,0,0,0
DELA,DELA_016,evergreenForest,23.6,2017-06-01,NA,0,0,0
DELA,DELA_014,evergreenForest,32.4,2017-06-01,NA,0,0,0
DELA,DELA_008,woodyWetlands,25.3,2017-06-01,NA,0,0,0
DELA,DELA_007,woodyWetlands,25.7,2017-06-01,NA,0,0,0
DELA,DELA_007,woodyWetlands,25.7,2017-06-19,DELA_007.20170619,0,0,6
DELA,DELA_005,woodyWetlands,26.8,2017-06-19,DELA_005.20170619,1,0,0
DELA,DELA_014,evergreenForest,32.4,2017-06-19,NA,0,0,0
DELA,DELA_016,evergreenForest,23.6,2017-06-19,NA,0,0,0
DELA,DELA_001,woodyWetlands,24.6,2017-06-19,NA,0,0,0
DELA,DELA_008,woodyWetlands,25.3,2017-06-19,NA,0,0,0
DELA,DELA_001,woodyWetlands,24.6,2017-08-02,DELA_001.20170802,0,1,0
DELA,DELA_008,woodyWetlands,25.3,2017-08-02,NA,0,0,0
DELA,DELA_016,evergreenForest,23.6,2017-08-02,NA,0,0,0
DELA,DELA_007,woodyWetlands,25.7,2017-08-02,NA,0,0,0
DELA,DELA_005,woodyWetlands,26.8,2017-08-02,NA,0,0,0
DELA,DELA_014,evergreenForest,32.4,2017-08-02,NA,0,0,0
DELA,DELA_001,woodyWetlands,24.6,2017-08-24,NA,0,0,0
DELA,DELA_005,woodyWetlands,26.8,2017-08-24,NA,0,0,0
DELA,DELA_007,woodyWetlands,25.7,2017-08-24,DELA_007.20170824,0,2,0
DELA,DELA_014,evergreenForest,32.4,2017-08-24,DELA_014.20170824,0,2,0
DELA,DELA_008,woodyWetlands,25.3,2017-08-24,NA,0,0,0
DELA,DELA_016,evergreenForest,23.6,2017-08-24,NA,0,0,0
DELA,DELA_005,woodyWetlands,26.8,2017-07-12,NA,0,0,0
DELA,DELA_014,evergreenForest,32.4,2017-07-12,NA,0,0,0
DELA,DELA_007,woodyWetlands,25.7,2017-07-12,NA,0,0,0
DELA,DELA_016,evergreenForest,23.6,2017-07-12,NA,0,0,0
DELA,DELA_008,woodyWetlands,25.3,2017-07-12,NA,0,0,0
DELA,DELA_014,evergreenForest,32.4,2017-09-14,NA,0,0,0
DELA,DELA_005,woodyWetlands,26.8,2017-09-14,NA,0,0,0
DELA,DELA_001,woodyWetlands,24.6,2017-09-14,NA,0,0,0
DELA,DELA_016,evergreenForest,23.6,2017-09-14,NA,0,0,0
DELA,DELA_008,woodyWetlands,25.3,2017-09-14,NA,0,0,0
DELA,DELA_007,woodyWetlands,25.7,2017-09-14,NA,0,0,0
DELA,DELA_005,woodyWetlands,26.8,2018-03-09,NA,0,0,0
DELA,DELA_007,woodyWetlands,25.7,2018-03-09,NA,0,0,0
DELA,DELA_016,evergreenForest,23.6,2018-03-09,NA,0,0,0
DELA,DELA_014,evergreenForest,32.4,2018-03-09,NA,0,0,0
DELA,DELA_008,woodyWetlands,25.3,2018-03-27,NA,0,0,0
DELA,DELA_014,evergreenForest,32.4,2018-03-27,NA,0,0,0
DELA,DELA_007,woodyWetlands,25.7,2018-03-27,NA,0,0,0
DELA,DELA_016,evergreenForest,23.6,2018-03-27,NA,0,0,0
DELA,DELA_001,woodyWetlands,24.6,2018-03-27,NA,0,0,0
DELA,DELA_005,woodyWetlands,26.8,2018-03-27,NA,0,0,0
DELA,DELA_005,woodyWetlands,26.8,2018-05-08,NA,0,0,0
DELA,DELA_014,evergreenForest,32.4,2018-05-08,NA,0,0,0
DELA,DELA_008,woodyWetlands,25.3,2018-05-08,NA,0,0,0
DELA,DELA_016,evergreenForest,23.6,2018-05-08,DELA_016.20180508,0,1,0
DELA,DELA_007,woodyWetlands,25.7,2018-05-08,NA,0,0,0
DELA,DELA_011,woodyWetlands,29.3,2018-06-06,NA,0,0,0
DELA,DELA_005,woodyWetlands,26.8,2018-06-06,NA,0,0,0
DELA,DELA_008,woodyWetlands,25.3,2018-06-06,DELA_008.20180606,0,3,0
DELA,DELA_004,woodyWetlands,24,2018-06-06,NA,0,0,0
DELA,DELA_014,evergreenForest,32.4,2018-06-06,NA,0,0,0
DELA,DELA_001,woodyWetlands,24.6,2018-06-06,NA,0,0,0
DELA,DELA_011,woodyWetlands,29.3,2018-06-19,NA,0,0,0
DELA,DELA_005,woodyWetlands,26.8,2018-06-19,NA,0,0,0
DELA,DELA_014,evergreenForest,32.4,2018-06-19,NA,0,0,0
DELA,DELA_008,woodyWetlands,25.3,2018-06-19,DELA_008.20180619,0,4,0
DELA,DELA_004,woodyWetlands,24,2018-06-19,NA,0,0,0
DELA,DELA_001,woodyWetlands,24.6,2018-06-19,NA,0,0,0
DELA,DELA_001,woodyWetlands,24.6,2018-07-10,DELA_001.20180710,0,1,0
DELA,DELA_008,woodyWetlands,25.3,2018-07-10,NA,0,0,0
DELA,DELA_014,evergreenForest,32.4,2018-07-10,NA,0,0,0
DELA,DELA_011,woodyWetlands,29.3,2018-07-10,NA,0,0,0
DELA,DELA_004,woodyWetlands,24,2018-07-10,NA,0,0,0
DELA,DELA_005,woodyWetlands,26.8,2018-07-10,NA,0,0,0
DELA,DELA_014,evergreenForest,32.4,2018-07-31,NA,0,0,0
DELA,DELA_004,woodyWetlands,24,2018-07-31,NA,0,0,0
DELA,DELA_008,woodyWetlands,25.3,2018-07-31,DELA_008.20180731,0,1,0
DELA,DELA_011,woodyWetlands,29.3,2018-07-31,NA,0,0,0
DELA,DELA_001,woodyWetlands,24.6,2018-07-31,NA,0,0,0
DELA,DELA_005,woodyWetlands,26.8,2018-07-31,NA,0,0,0
DELA,DELA_014,evergreenForest,32.4,2018-08-23,NA,0,0,0
DELA,DELA_008,woodyWetlands,25.3,2018-08-23,DELA_008.20180823,0,2,0
DELA,DELA_011,woodyWetlands,29.3,2018-08-23,NA,0,0,0
DELA,DELA_001,woodyWetlands,24.6,2018-08-23,NA,0,0,0
DELA,DELA_005,woodyWetlands,26.8,2018-08-23,NA,0,0,0
DELA,DELA_004,woodyWetlands,24,2018-08-23,NA,0,0,0
DELA,DELA_014,evergreenForest,32.4,2018-09-12,NA,0,0,0
DELA,DELA_001,woodyWetlands,24.6,2018-09-12,NA,0,0,0
DELA,DELA_008,woodyWetlands,25.3,2018-09-12,NA,0,0,0
DELA,DELA_004,woodyWetlands,24,2018-09-12,NA,0,0,0
DELA,DELA_005,woodyWetlands,26.8,2018-09-13,DELA_005.20180913,0,2,0
DELA,DELA_011,woodyWetlands,29.3,2018-09-13,NA,0,0,0
DELA,DELA_008,woodyWetlands,25.3,2018-10-04,NA,0,0,0
DELA,DELA_011,woodyWetlands,29.3,2018-10-04,NA,0,0,0
DELA,DELA_014,evergreenForest,32.4,2018-10-04,NA,0,0,0
DELA,DELA_005,woodyWetlands,26.8,2018-10-04,NA,0,0,0
DELA,DELA_004,woodyWetlands,24,2018-10-04,NA,0,0,0
DELA,DELA_001,woodyWetlands,24.6,2018-10-04,NA,0,0,0
DELA,DELA_004,woodyWetlands,24,2019-03-26,NA,NA,NA,NA
DELA,DELA_011,woodyWetlands,29.3,2019-03-26,NA,NA,NA,NA
DELA,DELA_005,woodyWetlands,26.8,2019-03-26,NA,NA,NA,NA
DELA,DELA_008,woodyWetlands,25.3,2019-03-26,NA,NA,NA,NA
DELA,DELA_008,woodyWetlands,25.3,2019-05-08,NA,NA,NA,NA
DELA,DELA_011,woodyWetlands,29.3,2019-05-08,NA,NA,NA,NA
DELA,DELA_005,woodyWetlands,26.8,2019-05-08,DELA_005.20190508,NA,NA,NA
DELA,DELA_014,evergreenForest,32.4,2019-05-08,NA,NA,NA,NA
DELA,DELA_004,woodyWetlands,24,2019-05-08,NA,NA,NA,NA
DELA,DELA_011,woodyWetlands,29.3,2019-05-28,NA,NA,NA,NA
DELA,DELA_008,woodyWetlands,25.3,2019-05-28,NA,NA,NA,NA
DELA,DELA_005,woodyWetlands,26.8,2019-05-28,NA,NA,NA,NA
DELA,DELA_004,woodyWetlands,24,2019-05-28,NA,NA,NA,NA
DELA,DELA_014,evergreenForest,32.4,2019-05-28,NA,NA,NA,NA
DELA,DELA_008,woodyWetlands,25.3,2019-06-19,NA,NA,NA,NA
DELA,DELA_014,evergreenForest,32.4,2019-06-19,NA,NA,NA,NA
DELA,DELA_004,woodyWetlands,24,2019-06-19,NA,NA,NA,NA
DELA,DELA_011,woodyWetlands,29.3,2019-06-19,NA,NA,NA,NA
DELA,DELA_005,woodyWetlands,26.8,2019-06-19,DELA_005.20190619,NA,NA,NA
DELA,DELA_001,woodyWetlands,24.6,2019-06-19,NA,NA,NA,NA
DELA,DELA_011,woodyWetlands,29.3,2019-07-08,NA,NA,NA,NA
DELA,DELA_005,woodyWetlands,26.8,2019-07-08,NA,NA,NA,NA
DELA,DELA_004,woodyWetlands,24,2019-07-08,NA,NA,NA,NA
DELA,DELA_014,evergreenForest,32.4,2019-07-08,NA,NA,NA,NA
DELA,DELA_004,woodyWetlands,24,2019-07-08,NA,NA,NA,NA
DELA,DELA_008,woodyWetlands,25.3,2019-07-08,NA,NA,NA,NA
DELA,DELA_001,woodyWetlands,24.6,2019-08-01,NA,NA,NA,NA
DELA,DELA_004,woodyWetlands,24,2019-08-01,NA,NA,NA,NA
DELA,DELA_011,woodyWetlands,29.3,2019-08-01,NA,NA,NA,NA
DELA,DELA_005,woodyWetlands,26.8,2019-08-01,DELA_005.20190801,NA,NA,NA
DELA,DELA_014,evergreenForest,32.4,2019-08-01,NA,NA,NA,NA
DELA,DELA_008,woodyWetlands,25.3,2019-08-01,NA,NA,NA,NA
DELA,DELA_004,woodyWetlands,24,2019-08-19,NA,NA,NA,NA
DELA,DELA_001,woodyWetlands,24.6,2019-08-19,NA,NA,NA,NA
DELA,DELA_005,woodyWetlands,26.8,2019-08-19,NA,NA,NA,NA
DELA,DELA_014,evergreenForest,32.4,2019-08-19,NA,NA,NA,NA
DELA,DELA_011,woodyWetlands,29.3,2019-08-19,NA,NA,NA,NA
DELA,DELA_008,woodyWetlands,25.3,2019-08-19,NA,NA,NA,NA
DELA,DELA_008,woodyWetlands,25.3,2020-03-23,NA,NA,NA,NA
DELA,DELA_005,woodyWetlands,26.8,2020-03-23,NA,NA,NA,NA
DELA,DELA_001,woodyWetlands,24.6,2020-03-23,NA,NA,NA,NA
DELA,DELA_014,evergreenForest,32.4,2020-03-23,NA,NA,NA,NA
DELA,DELA_004,woodyWetlands,24,2020-03-23,NA,NA,NA,NA
DELA,DELA_011,woodyWetlands,29.3,2020-03-23,NA,NA,NA,NA
DELA,DELA_011,woodyWetlands,29.3,2019-09-10,NA,NA,NA,NA
DELA,DELA_014,evergreenForest,32.4,2019-09-10,NA,NA,NA,NA
DELA,DELA_005,woodyWetlands,26.8,2019-09-10,NA,NA,NA,NA
DELA,DELA_004,woodyWetlands,24,2019-09-10,NA,NA,NA,NA
DELA,DELA_008,woodyWetlands,25.3,2019-09-10,NA,NA,NA,NA
DELA,DELA_001,woodyWetlands,24.6,2019-09-10,DELA_001.20190910,NA,NA,NA
DELA,DELA_008,woodyWetlands,25.3,2019-09-30,NA,NA,NA,NA
DELA,DELA_011,woodyWetlands,29.3,2019-09-30,NA,NA,NA,NA
DELA,DELA_004,woodyWetlands,24,2019-09-30,NA,NA,NA,NA
DELA,DELA_005,woodyWetlands,26.8,2019-09-30,NA,NA,NA,NA
DELA,DELA_014,evergreenForest,32.4,2019-09-30,NA,NA,NA,NA
DELA,DELA_001,woodyWetlands,24.6,2019-09-30,NA,NA,NA,NA
DELA,DELA_014,evergreenForest,32.4,2020-04-13,NA,NA,NA,NA
DELA,DELA_005,woodyWetlands,26.8,2020-04-13,NA,NA,NA,NA
DELA,DELA_001,woodyWetlands,24.6,2020-04-13,NA,NA,NA,NA
DELA,DELA_008,woodyWetlands,25.3,2020-04-13,NA,NA,NA,NA
DELA,DELA_004,woodyWetlands,24,2020-04-13,NA,NA,NA,NA
DELA,DELA_011,woodyWetlands,29.3,2020-04-13,NA,NA,NA,NA
DELA,DELA_011,woodyWetlands,29.3,2020-05-04,NA,NA,NA,NA
DELA,DELA_014,evergreenForest,32.4,2020-05-04,NA,NA,NA,NA
DELA,DELA_001,woodyWetlands,24.6,2020-05-04,NA,NA,NA,NA
DELA,DELA_004,woodyWetlands,24,2020-05-04,NA,NA,NA,NA
DELA,DELA_008,woodyWetlands,25.3,2020-05-04,NA,NA,NA,NA
DELA,DELA_005,woodyWetlands,26.8,2020-05-04,NA,NA,NA,NA
DELA,DELA_011,woodyWetlands,29.3,2020-05-28,NA,NA,NA,NA
DELA,DELA_001,woodyWetlands,24.6,2020-05-28,NA,NA,NA,NA
DELA,DELA_004,woodyWetlands,24,2020-05-28,NA,NA,NA,NA
DELA,DELA_014,evergreenForest,32.4,2020-05-28,NA,NA,NA,NA
DELA,DELA_005,woodyWetlands,26.8,2020-05-28,NA,NA,NA,NA
DELA,DELA_008,woodyWetlands,25.3,2020-05-28,NA,NA,NA,NA
DELA,DELA_008,woodyWetlands,25.3,2020-06-15,NA,NA,NA,NA
DELA,DELA_004,woodyWetlands,24,2020-06-15,NA,NA,NA,NA
DELA,DELA_014,evergreenForest,32.4,2020-06-15,NA,NA,NA,NA
DELA,DELA_001,woodyWetlands,24.6,2020-06-15,NA,NA,NA,NA
DELA,DELA_011,woodyWetlands,29.3,2020-06-15,NA,NA,NA,NA
DELA,DELA_005,woodyWetlands,26.8,2020-06-15,NA,NA,NA,NA
DELA,DELA_005,woodyWetlands,26.8,2020-07-06,NA,NA,NA,NA
DELA,DELA_004,woodyWetlands,24,2020-07-06,NA,NA,NA,NA
DELA,DELA_014,evergreenForest,32.4,2020-07-06,NA,NA,NA,NA
DELA,DELA_001,woodyWetlands,24.6,2020-07-06,NA,NA,NA,NA
DELA,DELA_008,woodyWetlands,25.3,2020-07-06,NA,NA,NA,NA
DELA,DELA_011,woodyWetlands,29.3,2020-07-06,NA,NA,NA,NA
DELA,DELA_008,woodyWetlands,25.3,2020-08-03,NA,NA,NA,NA
DELA,DELA_011,woodyWetlands,29.3,2020-08-03,NA,NA,NA,NA
DELA,DELA_005,woodyWetlands,26.8,2020-08-03,NA,NA,NA,NA
DELA,DELA_014,evergreenForest,32.4,2020-08-03,NA,NA,NA,NA
DELA,DELA_001,woodyWetlands,24.6,2020-08-03,NA,NA,NA,NA
DELA,DELA_004,woodyWetlands,24,2020-08-03,NA,NA,NA,NA
DELA,DELA_014,evergreenForest,32.4,2020-08-19,NA,NA,NA,NA
DELA,DELA_005,woodyWetlands,26.8,2020-08-19,NA,NA,NA,NA
DELA,DELA_008,woodyWetlands,25.3,2020-08-19,NA,NA,NA,NA
DELA,DELA_011,woodyWetlands,29.3,2020-08-19,NA,NA,NA,NA
DELA,DELA_001,woodyWetlands,24.6,2020-08-19,NA,NA,NA,NA
DELA,DELA_004,woodyWetlands,24,2020-08-19,NA,NA,NA,NA
DELA,DELA_011,woodyWetlands,29.3,2020-09-08,NA,NA,NA,NA
DELA,DELA_005,woodyWetlands,26.8,2020-09-08,NA,NA,NA,NA
DELA,DELA_008,woodyWetlands,25.3,2020-09-08,NA,NA,NA,NA
DELA,DELA_001,woodyWetlands,24.6,2020-09-08,NA,NA,NA,NA
DELA,DELA_004,woodyWetlands,24,2020-09-08,NA,NA,NA,NA
DELA,DELA_014,evergreenForest,32.4,2020-09-08,NA,NA,NA,NA
DELA,DELA_008,woodyWetlands,25.3,2021-03-01,NA,NA,NA,NA
DELA,DELA_005,woodyWetlands,26.8,2021-03-01,NA,NA,NA,NA
DELA,DELA_011,woodyWetlands,29.3,2021-03-01,NA,NA,NA,NA
DELA,DELA_001,woodyWetlands,24.6,2021-03-01,NA,NA,NA,NA
DELA,DELA_004,woodyWetlands,24,2021-03-01,NA,NA,NA,NA
DELA,DELA_014,evergreenForest,32.4,2021-03-01,NA,NA,NA,NA
DELA,DELA_001,woodyWetlands,24.6,2021-03-22,NA,NA,NA,NA
DELA,DELA_011,woodyWetlands,29.3,2021-03-22,NA,NA,NA,NA
DELA,DELA_004,woodyWetlands,24,2021-03-22,NA,NA,NA,NA
DELA,DELA_014,evergreenForest,32.4,2021-03-22,NA,NA,NA,NA
DELA,DELA_005,woodyWetlands,26.8,2021-03-22,NA,NA,NA,NA
DELA,DELA_008,woodyWetlands,25.3,2021-03-22,NA,NA,NA,NA
DELA,DELA_008,woodyWetlands,25.3,2021-04-12,NA,NA,NA,NA
DELA,DELA_014,evergreenForest,32.4,2021-04-12,NA,NA,NA,NA
DELA,DELA_004,woodyWetlands,24,2021-04-12,NA,NA,NA,NA
DELA,DELA_005,woodyWetlands,26.8,2021-04-12,NA,NA,NA,NA
DELA,DELA_001,woodyWetlands,24.6,2021-04-12,NA,NA,NA,NA
DELA,DELA_011,woodyWetlands,29.3,2021-04-12,NA,NA,NA,NA
DELA,DELA_001,woodyWetlands,24.6,2021-05-06,NA,NA,NA,NA
DELA,DELA_008,woodyWetlands,25.3,2021-05-06,NA,NA,NA,NA
DELA,DELA_005,woodyWetlands,26.8,2021-05-06,NA,NA,NA,NA
DELA,DELA_014,evergreenForest,32.4,2021-05-06,NA,NA,NA,NA
DELA,DELA_011,woodyWetlands,29.3,2021-05-06,NA,NA,NA,NA
DELA,DELA_004,woodyWetlands,24,2021-05-06,NA,NA,NA,NA
DELA,DELA_011,woodyWetlands,29.3,2021-05-26,NA,NA,NA,NA
DELA,DELA_014,evergreenForest,32.4,2021-05-26,NA,NA,NA,NA
DELA,DELA_005,woodyWetlands,26.8,2021-05-26,NA,NA,NA,NA
DELA,DELA_004,woodyWetlands,24,2021-05-26,NA,NA,NA,NA
DELA,DELA_008,woodyWetlands,25.3,2021-05-26,NA,NA,NA,NA
DELA,DELA_001,woodyWetlands,24.6,2021-05-26,NA,NA,NA,NA
DELA,DELA_005,woodyWetlands,26.8,2021-06-14,NA,NA,NA,NA
DELA,DELA_001,woodyWetlands,24.6,2021-06-14,NA,NA,NA,NA
DELA,DELA_004,woodyWetlands,24,2021-06-14,NA,NA,NA,NA
DELA,DELA_011,woodyWetlands,29.3,2021-06-14,NA,NA,NA,NA
DELA,DELA_008,woodyWetlands,25.3,2021-06-14,NA,NA,NA,NA
DELA,DELA_014,evergreenForest,32.4,2021-06-14,NA,NA,NA,NA
DELA,DELA_011,woodyWetlands,29.3,2021-07-08,NA,NA,NA,NA
DELA,DELA_005,woodyWetlands,26.8,2021-07-08,NA,NA,NA,NA
DELA,DELA_014,evergreenForest,32.4,2021-07-08,NA,NA,NA,NA
DELA,DELA_008,woodyWetlands,25.3,2021-07-08,NA,NA,NA,NA
DELA,DELA_001,woodyWetlands,24.6,2021-07-08,NA,NA,NA,NA
DELA,DELA_004,woodyWetlands,24,2021-07-08,NA,NA,NA,NA
DELA,DELA_004,woodyWetlands,24,2021-07-28,NA,NA,NA,NA
DELA,DELA_001,woodyWetlands,24.6,2021-07-28,NA,NA,NA,NA
DELA,DELA_005,woodyWetlands,26.8,2021-07-28,NA,NA,NA,NA
DELA,DELA_014,evergreenForest,32.4,2021-07-28,NA,NA,NA,NA
DELA,DELA_011,woodyWetlands,29.3,2021-07-28,NA,NA,NA,NA
DELA,DELA_008,woodyWetlands,25.3,2021-07-28,NA,NA,NA,NA
DELA,DELA_014,evergreenForest,32.4,2021-08-18,NA,NA,NA,NA
DELA,DELA_011,woodyWetlands,29.3,2021-08-18,NA,NA,NA,NA
DELA,DELA_004,woodyWetlands,24,2021-08-18,NA,NA,NA,NA
DELA,DELA_005,woodyWetlands,26.8,2021-08-18,NA,NA,NA,NA
DELA,DELA_008,woodyWetlands,25.3,2021-08-18,NA,NA,NA,NA
DELA,DELA_001,woodyWetlands,24.6,2021-08-18,NA,NA,NA,NA
DELA,DELA_014,evergreenForest,32.4,2021-09-10,NA,NA,NA,NA
DELA,DELA_011,woodyWetlands,29.3,2021-09-10,NA,NA,NA,NA
DELA,DELA_008,woodyWetlands,25.3,2021-09-10,NA,NA,NA,NA
DELA,DELA_005,woodyWetlands,26.8,2021-09-10,NA,NA,NA,NA
DELA,DELA_004,woodyWetlands,24,2021-09-10,NA,NA,NA,NA
DELA,DELA_001,woodyWetlands,24.6,2021-09-10,NA,NA,NA,NA
DELA,DELA_008,woodyWetlands,25.3,2022-03-03,NA,NA,NA,NA
DELA,DELA_014,evergreenForest,32.4,2022-03-03,NA,NA,NA,NA
DELA,DELA_004,woodyWetlands,24,2022-03-03,NA,NA,NA,NA
DELA,DELA_011,woodyWetlands,29.3,2022-03-03,NA,NA,NA,NA
DELA,DELA_001,woodyWetlands,24.6,2022-03-03,NA,NA,NA,NA
DELA,DELA_005,woodyWetlands,26.8,2022-03-03,NA,NA,NA,NA
DELA,DELA_008,woodyWetlands,25.3,2022-03-21,NA,NA,NA,NA
DELA,DELA_014,evergreenForest,32.4,2022-03-21,NA,NA,NA,NA
DELA,DELA_004,woodyWetlands,24,2022-03-21,NA,NA,NA,NA
DELA,DELA_005,woodyWetlands,26.8,2022-03-21,NA,NA,NA,NA
DELA,DELA_001,woodyWetlands,24.6,2022-03-21,NA,NA,NA,NA
DELA,DELA_011,woodyWetlands,29.3,2022-03-21,NA,NA,NA,NA
DELA,DELA_011,woodyWetlands,29.3,2022-04-13,NA,NA,NA,NA
DELA,DELA_005,woodyWetlands,26.8,2022-04-13,NA,NA,NA,NA
DELA,DELA_014,evergreenForest,32.4,2022-04-13,NA,NA,NA,NA
DELA,DELA_004,woodyWetlands,24,2022-04-13,NA,NA,NA,NA
DELA,DELA_008,woodyWetlands,25.3,2022-04-13,NA,NA,NA,NA
DELA,DELA_001,woodyWetlands,24.6,2022-04-13,NA,NA,NA,NA
DELA,DELA_014,evergreenForest,32.4,2022-05-02,NA,NA,NA,NA
DELA,DELA_008,woodyWetlands,25.3,2022-05-02,NA,NA,NA,NA
DELA,DELA_001,woodyWetlands,24.6,2022-05-02,NA,NA,NA,NA
DELA,DELA_004,woodyWetlands,24,2022-05-02,NA,NA,NA,NA
DELA,DELA_011,woodyWetlands,29.3,2022-05-02,NA,NA,NA,NA
DELA,DELA_005,woodyWetlands,26.8,2022-05-02,NA,NA,NA,NA
DELA,DELA_005,woodyWetlands,26.8,2022-05-26,NA,NA,NA,NA
DELA,DELA_011,woodyWetlands,29.3,2022-05-26,NA,NA,NA,NA
DELA,DELA_001,woodyWetlands,24.6,2022-05-26,NA,NA,NA,NA
DELA,DELA_014,evergreenForest,32.4,2022-05-26,NA,NA,NA,NA
DELA,DELA_004,woodyWetlands,24,2022-05-26,NA,NA,NA,NA
DELA,DELA_008,woodyWetlands,25.3,2022-05-26,NA,NA,NA,NA
DELA,DELA_011,woodyWetlands,29.3,2022-06-13,NA,NA,NA,NA
DELA,DELA_005,woodyWetlands,26.8,2022-06-13,NA,NA,NA,NA
DELA,DELA_008,woodyWetlands,25.3,2022-06-13,NA,NA,NA,NA
DELA,DELA_001,woodyWetlands,24.6,2022-06-13,NA,NA,NA,NA
DELA,DELA_004,woodyWetlands,24,2022-06-13,NA,NA,NA,NA
DELA,DELA_014,evergreenForest,32.4,2022-06-13,NA,NA,NA,NA
DELA,DELA_001,woodyWetlands,24.6,2022-06-30,NA,NA,NA,NA
DELA,DELA_004,woodyWetlands,24,2022-06-30,NA,NA,NA,NA
DELA,DELA_014,evergreenForest,32.4,2022-06-30,NA,NA,NA,NA
DELA,DELA_005,woodyWetlands,26.8,2022-06-30,NA,NA,NA,NA
DELA,DELA_011,woodyWetlands,29.3,2022-06-30,NA,NA,NA,NA
DELA,DELA_008,woodyWetlands,25.3,2022-06-30,NA,NA,NA,NA
DELA,DELA_008,woodyWetlands,25.3,2022-07-21,NA,NA,NA,NA
DELA,DELA_011,woodyWetlands,29.3,2022-07-21,DELA_011.20220721,NA,NA,NA
DELA,DELA_004,woodyWetlands,24,2022-07-21,NA,NA,NA,NA
DELA,DELA_005,woodyWetlands,26.8,2022-07-21,NA,NA,NA,NA
DELA,DELA_001,woodyWetlands,24.6,2022-07-21,NA,NA,NA,NA
DELA,DELA_014,evergreenForest,32.4,2022-07-21,NA,NA,NA,NA
DELA,DELA_004,woodyWetlands,24,2022-08-15,NA,NA,NA,NA
DELA,DELA_014,evergreenForest,32.4,2022-08-15,NA,NA,NA,NA
DELA,DELA_008,woodyWetlands,25.3,2022-08-15,NA,NA,NA,NA
DELA,DELA_001,woodyWetlands,24.6,2022-08-15,NA,NA,NA,NA
DELA,DELA_011,woodyWetlands,29.3,2022-08-15,NA,NA,NA,NA
DELA,DELA_005,woodyWetlands,26.8,2022-08-15,NA,NA,NA,NA
DELA,DELA_001,woodyWetlands,24.6,2022-09-07,NA,NA,NA,NA
DELA,DELA_004,woodyWetlands,24,2022-09-07,NA,NA,NA,NA
DELA,DELA_011,woodyWetlands,29.3,2022-09-07,NA,NA,NA,NA
DELA,DELA_005,woodyWetlands,26.8,2022-09-07,NA,NA,NA,NA
DELA,DELA_014,evergreenForest,32.4,2022-09-07,NA,NA,NA,NA
DELA,DELA_008,woodyWetlands,25.3,2022-09-07,NA,NA,NA,NA
DELA,DELA_008,woodyWetlands,25.3,2023-03-01,NA,NA,NA,NA
DELA,DELA_014,evergreenForest,32.4,2023-03-01,NA,NA,NA,NA
DELA,DELA_004,woodyWetlands,24,2023-03-01,NA,NA,NA,NA
DELA,DELA_001,woodyWetlands,24.6,2023-03-01,NA,NA,NA,NA
DELA,DELA_011,woodyWetlands,29.3,2023-03-01,NA,NA,NA,NA
DELA,DELA_005,woodyWetlands,26.8,2023-03-01,NA,NA,NA,NA
DELA,DELA_001,woodyWetlands,24.6,2023-03-20,NA,NA,NA,NA
DELA,DELA_008,woodyWetlands,25.3,2023-03-20,NA,NA,NA,NA
DELA,DELA_004,woodyWetlands,24,2023-03-20,NA,NA,NA,NA
DELA,DELA_011,woodyWetlands,29.3,2023-03-20,NA,NA,NA,NA
DELA,DELA_005,woodyWetlands,26.8,2023-03-20,NA,NA,NA,NA
DELA,DELA_014,evergreenForest,32.4,2023-03-20,NA,NA,NA,NA
DELA,DELA_004,woodyWetlands,24,2023-04-10,NA,NA,NA,NA
DELA,DELA_005,woodyWetlands,26.8,2023-04-10,NA,NA,NA,NA
DELA,DELA_014,evergreenForest,32.4,2023-04-10,NA,NA,NA,NA
DELA,DELA_001,woodyWetlands,24.6,2023-04-10,NA,NA,NA,NA
DELA,DELA_011,woodyWetlands,29.3,2023-04-10,NA,NA,NA,NA
DELA,DELA_008,woodyWetlands,25.3,2023-04-10,NA,NA,NA,NA
DELA,DELA_001,woodyWetlands,24.6,2023-05-01,NA,NA,NA,NA
DELA,DELA_011,woodyWetlands,29.3,2023-05-01,DELA_011.20230501,NA,NA,NA
DELA,DELA_005,woodyWetlands,26.8,2023-05-01,NA,NA,NA,NA
DELA,DELA_008,woodyWetlands,25.3,2023-05-01,NA,NA,NA,NA
DELA,DELA_004,woodyWetlands,24,2023-05-01,NA,NA,NA,NA
DELA,DELA_014,evergreenForest,32.4,2023-05-01,NA,NA,NA,NA
DELA,DELA_008,woodyWetlands,25.3,2023-05-22,NA,NA,NA,NA
DELA,DELA_011,woodyWetlands,29.3,2023-05-22,NA,NA,NA,NA
DELA,DELA_004,woodyWetlands,24,2023-05-22,NA,NA,NA,NA
DELA,DELA_014,evergreenForest,32.4,2023-05-22,NA,NA,NA,NA
DELA,DELA_005,woodyWetlands,26.8,2023-05-22,DELA_005.20230522,NA,NA,NA
DELA,DELA_001,woodyWetlands,24.6,2023-05-22,NA,NA,NA,NA
DELA,DELA_004,woodyWetlands,24,2023-06-12,NA,NA,NA,NA
DELA,DELA_014,evergreenForest,32.4,2023-06-12,NA,NA,NA,NA
DELA,DELA_005,woodyWetlands,26.8,2023-06-12,NA,NA,NA,NA
DELA,DELA_011,woodyWetlands,29.3,2023-06-12,NA,NA,NA,NA
DELA,DELA_008,woodyWetlands,25.3,2023-06-12,NA,NA,NA,NA
DELA,DELA_001,woodyWetlands,24.6,2023-06-12,NA,NA,NA,NA
DELA,DELA_001,woodyWetlands,24.6,2023-08-14,DELA_001.20230814,NA,NA,NA
DELA,DELA_014,evergreenForest,32.4,2023-08-14,DELA_014.20230814,NA,NA,NA
DELA,DELA_008,woodyWetlands,25.3,2023-08-14,NA,NA,NA,NA
DELA,DELA_011,woodyWetlands,29.3,2023-08-14,DELA_011.20230814,NA,NA,NA
DELA,DELA_004,woodyWetlands,24,2023-08-14,NA,NA,NA,NA
DELA,DELA_005,woodyWetlands,26.8,2023-08-14,NA,NA,NA,NA
DELA,DELA_014,evergreenForest,32.4,2023-07-03,NA,NA,NA,NA
DELA,DELA_004,woodyWetlands,24,2023-07-03,NA,NA,NA,NA
DELA,DELA_005,woodyWetlands,26.8,2023-07-03,NA,NA,NA,NA
DELA,DELA_011,woodyWetlands,29.3,2023-07-03,NA,NA,NA,NA
DELA,DELA_008,woodyWetlands,25.3,2023-07-03,NA,NA,NA,NA
DELA,DELA_001,woodyWetlands,24.6,2023-07-03,NA,NA,NA,NA
DELA,DELA_008,woodyWetlands,25.3,2023-07-24,NA,NA,NA,NA
DELA,DELA_011,woodyWetlands,29.3,2023-07-24,NA,NA,NA,NA
DELA,DELA_004,woodyWetlands,24,2023-07-24,DELA_004.20230724,NA,NA,NA
DELA,DELA_014,evergreenForest,32.4,2023-07-24,NA,NA,NA,NA
DELA,DELA_005,woodyWetlands,26.8,2023-07-24,DELA_005.20230724,NA,NA,NA
DELA,DELA_001,woodyWetlands,24.6,2023-07-24,NA,NA,NA,NA
DELA,DELA_008,woodyWetlands,25.3,2023-09-05,NA,NA,NA,NA
DELA,DELA_005,woodyWetlands,26.8,2023-09-05,NA,NA,NA,NA
DELA,DELA_014,evergreenForest,32.4,2023-09-05,NA,NA,NA,NA
DELA,DELA_004,woodyWetlands,24,2023-09-05,NA,NA,NA,NA
DELA,DELA_011,woodyWetlands,29.3,2023-09-05,NA,NA,NA,NA
DELA,DELA_001,woodyWetlands,24.6,2023-09-05,NA,NA,NA,NA
