siteID,year,month,mean_temp,max_temp,min_temp
BLAN,2016,1,7.780487804878049,47.89,-7.577
BLAN,2016,3,12.070644444444444,26.152,-6.505
BLAN,2016,4,11.09256904927134,29.042,-8.379
BLAN,2016,5,14.18268275862069,29.132,9.615
BLAN,2016,11,4.92691161431702,22.497,-11.137
BLAN,2016,12,1.7392930107526883,20.116,-17.51
BLAN,2017,1,2.549509797297297,22.122,-20.356
BLAN,2017,2,6.204246651785715,27.008,-15.614
BLAN,2017,3,5.422854502688172,27.568,-14.46
BLAN,2017,4,14.447718055555555,30.906,-4.747
BLAN,2017,5,16.046935483870968,33.561,-2.114
BLAN,2017,6,21.654625434329397,35.946,5.509
BLAN,2017,7,23.6153876933423,36.11,7.979
BLAN,2017,8,21.31446740591398,34.368,7.472
BLAN,2017,9,18.10050069637883,32.05,2.431
BLAN,2017,10,14.537235215053764,32.198,-3.167
BLAN,2017,11,6.038818402777777,26.864,-11.527
BLAN,2017,12,0.6776612903225806,17.276,-17.711
BLAN,2018,1,-1.1571290322580645,21.529,-21.985
BLAN,2018,2,4.794755952380952,29.947,-16.963
BLAN,2018,3,2.7612224462365593,25.384,-12.593
BLAN,2018,4,9.873342299189389,31.912,-10.682
BLAN,2018,5,19.892038043478262,33.71,-1.767
BLAN,2018,6,20.945849305555555,34.491,7.574
BLAN,2018,7,22.477292411467115,34.515,7.515
BLAN,2018,8,22.916438043928718,35.652,9.408
BLAN,2018,9,20.327091906202725,34.971,9.683
BLAN,2018,10,13.539255712365591,32.359,-3.637
BLAN,2018,11,4.562612656467316,25.266,-8.27
BLAN,2018,12,1.6852651209677418,17.69,-11.294
BLAN,2019,1,-0.7748635752688172,17.695,-20.376
BLAN,2019,2,2.0027191220238096,21.437,-16.249
BLAN,2019,3,4.567842851810377,24.95,-10.606
BLAN,2019,4,13.744085301374692,28.632,-4.881
BLAN,2019,5,19.134068884408602,34.355,2.618
BLAN,2019,6,21.43952990264256,34.438,4.304
BLAN,2019,7,24.11169119623656,36.41,11.185
BLAN,2019,8,22.315345094086023,34.131,8.723
BLAN,2019,9,20.548183333333334,34.791,2.828
BLAN,2019,10,13.9261438172043,35.812,-3.78
BLAN,2019,11,4.365841319444445,22.342,-11.409
BLAN,2019,12,1.831295154185022,18.307,-13.098
BLAN,2020,1,2.622725134408602,19.862,-15.573
BLAN,2020,2,4.163957614942529,22.737,-15.658
BLAN,2020,3,9.152184811827958,29.507,-11.631
BLAN,2020,4,10.036505555555555,25.578,-5.637
BLAN,2020,5,14.685226237234879,31.838,-4.182
BLAN,2020,6,22.02741736227045,33.13,6.34
BLAN,2020,7,25.72912701612903,36.499,15.691
BLAN,2020,8,23.0802752293578,34.13,9.79
BLAN,2020,9,17.43088923611111,32.096,-1.893
BLAN,2020,10,12.965465053763442,29.285,-3.588
BLAN,2020,11,9.62739588377724,26.738,-7.923
BLAN,2020,12,2.8494119623655916,17.129,-8.764
BLAN,2021,1,0.5513719827586206,13.22,-14.566
BLAN,2021,2,0.5658206845238095,20.276,-16.99
BLAN,2021,3,7.7992412634408605,27.985,-13.001
BLAN,2021,4,12.509409568261377,32.082,-9.659
BLAN,2021,5,15.756032605042018,33.749,-0.735
BLAN,2021,6,22.31222249474422,36.682,3.92
BLAN,2021,7,24.1203480458221,37.953,9.739
BLAN,2021,8,24.194695900537635,39.052,8.763
BLAN,2021,9,19.50458123476848,34.022,3.715
BLAN,2021,10,16.613320228494622,42.382,0.179
BLAN,2021,11,6.219658680555556,25.83,-10.403
BLAN,2021,12,6.625417142857143,22.888,-12.055
BLAN,2022,1,-1.2674111709286675,18.289,-24.514
BLAN,2022,2,3.672368812802382,24.88,-15.137
BLAN,2022,3,8.752042002688173,25.795,-14.948
BLAN,2022,4,11.6905907660021,31.003,-5.758
BLAN,2022,5,17.846878014184398,69.143,1.071
BLAN,2022,6,21.511945757997218,33.419,9.831
BLAN,2022,7,23.47117319587629,33.186,13.791
BLAN,2022,8,22.698434048540275,37.367,7.911
BLAN,2022,9,18.328678125,33.248,1.494
BLAN,2022,10,10.592487903225807,26.295,-5.111
BLAN,2022,11,7.88573125,26.411,-12.192
BLAN,2022,12,1.3248192204301075,20.328,-17.27
BLAN,2023,1,4.217313930013459,19.541,-12.615
BLAN,2023,2,5.797411392405063,26.885,-15.672
BLAN,2023,3,6.552817073170732,27.543,-11.992
BLAN,2023,4,13.64195,32.124,-6.935
BLAN,2023,5,14.786781586021505,31.136,-0.89
BLAN,2023,6,19.126660069444444,32.974,2.395
BLAN,2023,7,24.37003593859037,39.982,10.423
BLAN,2023,8,23.175966061827957,37.271,6.181
BLAN,2023,9,18.730136300417247,38.708,1.921
BLAN,2023,10,13.082281586021505,30.789,-2.524
BLAN,2023,11,5.253334027777778,28.064,-13.641
BLAN,2023,12,3.937172379032258,17.968,-11.562
HARV,2016,1,-3.972027206370272,12.486,-18.264
HARV,2016,2,-2.413898634076204,15.111,-28.222
HARV,2016,3,3.0293088934148,22.833,-10.074
HARV,2016,4,6.600795266716754,25.302,-10.706
HARV,2016,5,13.098110887096775,30.673,0.539
HARV,2016,6,17.539934375,27.887,8.238
HARV,2016,7,20.85371171171171,31.01,10.292
HARV,2016,8,20.712005639097743,30.054,9.899
HARV,2016,9,16.232348591549297,27.703,3.354
HARV,2016,10,9.246070479704796,22.972,-2.852
HARV,2016,11,4.691576561636263,16.639,-5.266
HARV,2016,12,-3.329536131544786,8.655,-21.011
HARV,2017,1,-2.4693665869490946,10.281,-19.902
HARV,2017,2,-1.3343863117870722,18.853,-20.314
HARV,2017,3,-2.4952462987886945,13.491,-17.685
HARV,2017,4,8.617971875,28.457,-2.665
HARV,2017,5,11.26367809139785,32.471,-0.448
HARV,2017,6,17.582615655853314,32.618,5.925
HARV,2017,7,19.331929534726903,29.151,10.42
HARV,2017,8,18.867936105032822,28.727,10.27
HARV,2017,9,16.814915542938255,30.921,4.566
HARV,2017,10,12.926512916383412,24.372,-0.295
HARV,2017,11,2.6257003472222222,18.501,-10.273
HARV,2017,12,-5.275903225806451,12.92,-23.245
HARV,2018,1,-6.456690732758621,14.525,-26.706
HARV,2018,2,-0.6779722962173682,19.11,-20.82
HARV,2018,3,-1.3848863813229573,12.871,-14.924
HARV,2018,4,3.8349458333333333,19.461,-6.906
HARV,2018,5,14.947168236877523,30.166,1.322
HARV,2018,6,16.454956944444444,27.836,6.776
HARV,2018,7,20.569507089804187,29.08,9.266
HARV,2018,8,20.12031755050505,30.534,12.294
HARV,2018,9,16.287783697953422,29.847,5.669
HARV,2018,10,7.93370114555256,24.804,-4.134
HARV,2018,11,0.9398805309734514,17.137,-18.725
HARV,2018,12,-2.0677220350404313,15.639,-12.287
HARV,2019,1,-6.335686449399657,11.661,-23.38
HARV,2019,2,-4.527226070763501,14.87,-21.639
HARV,2019,3,-1.0914255462184874,16.905,-20.633
HARV,2019,4,6.722004229820232,22.427,-6.718
HARV,2019,5,11.09986267250084,26.156,0.378
HARV,2019,6,17.03086539130435,28.664,5.516
HARV,2019,7,21.21360923803102,31.46,12.327
HARV,2019,8,18.79989757412399,28.09,9.051
HARV,2019,9,14.888590400577408,26.235,3.602
HARV,2019,10,10.440227326732673,22.302,1.831
HARV,2019,11,1.1344225156358583,19.806,-11.823
HARV,2019,12,-2.3154646853146854,12.535,-15.884
HARV,2020,1,-1.8442778897849463,17.289,-16.489
HARV,2020,2,-1.698331893448524,12.624,-17.245
HARV,2020,3,2.7668342465753426,19.533,-11.239
HARV,2020,4,4.9704090277777775,17.088,-3.537
HARV,2020,5,12.263519958706125,27.954,-2.09
HARV,2020,6,18.431580027835768,29.705,2.703
HARV,2020,7,21.616214934409687,32.072,11.676
HARV,2020,8,20.149406980684514,30.334,9.191
HARV,2020,9,15.837168402777777,25.844,2.577
HARV,2020,10,9.357654791592447,21.788,-5.666
HARV,2020,11,5.820011506276151,22.34,-9.463
HARV,2020,12,-1.2381174268209667,15.902,-15.627
HARV,2021,1,-4.585201287699085,4.561,-20.075
HARV,2021,2,-4.5478077211394305,6.465,-17.988
HARV,2021,3,2.6073207905739264,20.166,-13.632
HARV,2021,4,7.272706315789474,23.352,-7.181
HARV,2021,5,12.901334571235651,28.759,1.64
HARV,2021,6,19.23713126740947,31.954,7.654
HARV,2021,7,18.198552897884085,47.432,8.467
HARV,2021,8,20.877042180660563,31.32,10.852
HARV,2021,9,16.295982174065013,25.587,6.512
HARV,2021,10,11.853344653665097,21.485,0.688
HARV,2021,11,3.6584937369519834,17.124,-8.129
HARV,2021,12,0.5963351260504202,14.722,-10.394
HARV,2022,1,-6.292034969737727,8.655,-20.474
HARV,2022,2,-2.4568820245627094,14.886,-16.471
HARV,2022,3,1.8428520511096167,20.355,-15.496
HARV,2022,4,6.992347844827586,21.626,-2.632
HARV,2022,5,14.647408602150538,29.708,1.931
HARV,2022,6,17.29517682282494,29.365,6.996
HARV,2022,7,21.005613315400133,30.513,11.943
HARV,2022,8,21.046861709286677,31.04,11.78
HARV,2022,9,15.06931153846154,27.419,4.498
HARV,2022,10,10.11029354404842,21.636,-1.287
HARV,2022,11,5.3386555555555555,21.182,-9.759
HARV,2022,12,-1.3438020168067226,12.894,-17.184
HARV,2023,1,-0.6215144683714671,11.419,-9.872
HARV,2023,2,-2.1209527529761907,12.786,-28.264
HARV,2023,3,0.9367711208347358,13.743,-8.319
HARV,2023,4,8.536386387434556,31.499,-5.766
HARV,2023,5,12.975005045408679,27.327,-1.343
HARV,2023,6,16.389266524520256,30.488,6.139
HARV,2023,7,21.041516974789914,30.885,11.901
HARV,2023,8,18.46308638655462,26.178,10.386
HARV,2023,9,16.36097845929171,30.13,5.696
HARV,2023,10,11.633853489979268,27.693,-1.237
HARV,2023,11,1.9843204727146333,14.963,-8.275
HARV,2023,12,1.4861396366083446,14.993,-10.551
KONZ,2016,1,-1.784152961980548,20.492,-19.355
KONZ,2016,2,4.502502155172413,24.793,-9.458
KONZ,2016,3,11.70576902887139,27.915,-4.136
KONZ,2016,9,15.5584625,24.486,5.961
KONZ,2016,10,16.586105846774192,31.507,0.115
KONZ,2016,11,10.832840277777779,28.557,-6.303
KONZ,2016,12,-0.6524519969278034,18.92,-25.976
KONZ,2017,1,0.2733707945597709,18.901,-19.866
KONZ,2017,2,6.118626304023845,26.938,-11.19
KONZ,2017,3,8.715953230148049,32.967,-6.677
KONZ,2017,4,14.442528904227782,28.867,-0.967
KONZ,2017,5,19.037408755533693,32.107,4.067
KONZ,2017,6,23.98526076388889,35.553,12.032
KONZ,2017,7,26.8191374327957,41.827,13.918
KONZ,2017,8,22.716685839219643,34.865,11.338
KONZ,2017,9,22.566055208333335,35.258,7.268
KONZ,2017,10,14.70918447580645,31.423,-6.643
KONZ,2017,11,7.821268651362984,26.369,-8.506
KONZ,2017,12,0.6501717069892473,21.369,-19.821
KONZ,2018,1,-1.9131653979238754,18.78,-23.313
KONZ,2018,2,-0.3376216517857143,22.277,-17.586
KONZ,2018,3,6.699829172141919,26.463,-8.242
KONZ,2018,4,7.940750093388121,30.73,-9.535
KONZ,2018,5,22.555210419485793,37.604,10.395
KONZ,2018,6,26.485224245577523,40.146,15.102
KONZ,2018,7,26.11259265498652,39.575,14.101
KONZ,2018,8,25.151402016806724,37.657,13.88
KONZ,2018,9,20.995921061823264,33.988,6.451
KONZ,2018,10,12.090667227456258,32.029,-2.703
KONZ,2018,11,2.5872538194444443,18.671,-12.787
KONZ,2018,12,1.2855424242424243,15.974,-12.504
KONZ,2019,1,-1.8263605510752687,17.759,-19.42
KONZ,2019,2,-3.560368812802382,20.887,-17.725
KONZ,2019,3,3.755485887096774,22.332,-20.936
KONZ,2019,4,13.848662646328485,30.681,-2.19
KONZ,2019,5,16.689229811574698,31.288,4.46
KONZ,2019,6,22.897810640532025,34.475,9
KONZ,2019,7,25.62585949579832,35.754,13.397
KONZ,2019,8,24.20840371389271,35.223,13.575
KONZ,2019,9,23.890251336898395,35.431,12.799
KONZ,2019,10,11.045976470588235,31.5,-8.465
KONZ,2019,11,4.99159305760709,24.39,-14.131
KONZ,2019,12,2.8547693351424694,19.645,-12.567
KONZ,2020,1,0.18890850992263705,14.579,-15.099
KONZ,2020,2,1.6626091498559077,21.716,-16.648
KONZ,2020,3,8.207498658318427,23.816,-6.485
KONZ,2020,4,11.834828080229226,30.063,-4.99
KONZ,2020,5,16.448068686868687,27.839,2.797
KONZ,2020,6,25.001511342506507,33.087,11.937
KONZ,2020,7,25.63349667483374,34.284,16.879
KONZ,2020,8,24.313505383580083,36.062,12.413
KONZ,2020,9,19.231485386221294,35.125,4.46
KONZ,2020,10,11.81005411764706,34.33,-5.652
KONZ,2020,11,9.626839471855455,27.777,-8.492
KONZ,2020,12,2.2448618132794067,20.736,-12.294
KONZ,2021,1,1.2262866483138335,14.925,-8.16
KONZ,2021,2,-5.111193896538891,22.394,-27.349
KONZ,2021,3,9.628254032258065,25.751,-5.661
KONZ,2021,4,11.862801717967072,30.363,-3.402
KONZ,2021,5,16.953747215659803,30.615,5.842
KONZ,2021,6,24.97264006968641,37.449,12.902
KONZ,2021,7,25.41547265221878,37.057,15.423
KONZ,2021,8,26.04388161764706,36.647,13.782
KONZ,2021,9,23.038293584379357,34.331,8.184
KONZ,2021,10,15.674533194299618,32.856,2.207
KONZ,2021,11,8.902310394784498,25.77,-5.089
KONZ,2021,12,5.950012781701984,23.683,-9.647
KONZ,2022,1,-1.1476595595945474,20.165,-20.51
KONZ,2022,2,0.5490338793745346,22.112,-17.613
KONZ,2022,3,6.998756039469208,28.173,-13.372
KONZ,2022,4,13.516863926940639,31.034,-0.144
KONZ,2022,5,18.48408341915551,34.484,4.978
KONZ,2022,6,21.23258951018639,4928.824,-108.56
KONZ,2022,7,25.63726261682243,37.367,15.073
KONZ,2022,8,25.804231271477665,37.175,15.352
KONZ,2022,9,22.00518747763864,37.069,7.939
KONZ,2022,10,14.649018887015178,31.656,-5.732
KONZ,2022,11,6.2688954203691045,26.983,-10.274
KONZ,2022,12,-1.1338434994771698,18.907,-22.855
KONZ,2023,1,0.1626652646337189,15.475,-14.878
KONZ,2023,2,2.43679523989422,18.816,-14.354
KONZ,2023,3,5.098187347931874,23.571,-11.277
KONZ,2023,4,13.202457010346057,32.205,-2.992
KONZ,2023,5,18.984200282087446,34.241,0.844
KONZ,2023,6,23.503083826086957,36.851,11.271
KONZ,2023,7,25.399854882154884,40.976,14.364
KONZ,2023,8,26.548181848739496,44.61,13.287
KONZ,2023,9,23.149837387074356,39.503,11.289
KONZ,2023,10,14.304405987218297,34.298,-7.633
KONZ,2023,11,7.604820494945974,23.79,-8.823
KONZ,2023,12,3.6841871639784944,18.198,-7.179
MLBS,2016,1,-4.538256048387097,9.791,-19.531
MLBS,2016,2,-2.4889152298850576,12.474,-20.362
MLBS,2016,3,6.849291292875989,21.067,-8.963
MLBS,2016,4,8.269155444401694,24.629,-10.987
MLBS,2016,5,12.237621400639886,24.28,-0.871
MLBS,2016,6,17.457411805555555,26.425,9.361
MLBS,2016,7,19.70679452991453,28.184,13.181
MLBS,2016,8,19.349976752021565,26.543,10.78
MLBS,2016,9,17.40337108620023,25.275,7.517
MLBS,2016,10,11.61153856517346,22.685,-0.38
MLBS,2016,11,6.244265154200638,20.568,-8.16
MLBS,2016,12,-0.25271827152092546,13.064,-17.137
MLBS,2017,1,1.1980367102012002,12.791,-19.986
MLBS,2017,2,3.105126860119048,17.562,-14.772
MLBS,2017,3,2.4130958950201884,19.416,-18.116
MLBS,2017,4,11.26608040730337,27.909,-4.558
MLBS,2017,5,12.903515456989247,27.928,0.113
MLBS,2017,6,16.3558641889545,24.631,7.234
MLBS,2017,7,18.764692051756008,27.253,9.899
MLBS,2017,8,17.017324596774195,25.15,8.3
MLBS,2017,9,14.232350816255645,24.299,5.392
MLBS,2017,10,11.190067249495629,22.99,-5.558
MLBS,2017,11,5.089103767757876,23.392,-8.826
MLBS,2017,12,-1.8998467741935483,11.277,-18.107
MLBS,2018,1,-3.293749355337803,12.673,-20.835
MLBS,2018,2,2.5576118143459916,21.22,-16.478
MLBS,2018,3,0.23916916384726922,19.537,-10.214
MLBS,2018,4,5.856510873712324,23.007,-8.772
MLBS,2018,5,16.90255379537954,80.98,8.876
MLBS,2018,6,17.813407098121086,25.58,9.419
MLBS,2018,7,18.1205967032967,25.354,11.624
MLBS,2018,8,18.55790756302521,26.404,9.795
MLBS,2018,9,18.00028123559244,25.98,6.527
MLBS,2018,10,10.216433467741936,23.81,-3.376
MLBS,2018,11,0.8850484601449276,14.481,-13.638
MLBS,2018,12,0.7753236780060626,12.089,-9.932
MLBS,2019,1,-3.145886495726496,11.96,-22.29
MLBS,2019,2,3.029482582837723,295,-11.944
MLBS,2019,3,2.0347025572005384,18.724,-15.044
MLBS,2019,4,10.671154536862003,24.32,-9.404
MLBS,2019,5,15.802087177747625,26.746,2.402
MLBS,2019,6,16.314067375886523,26.769,6.124
MLBS,2019,7,19.574683424408015,27.809,10.067
MLBS,2019,8,18.44229387893135,26.473,10.576
MLBS,2019,9,18.281049477351917,28.23,7.939
MLBS,2019,10,11.678652173913044,27.467,0.624
MLBS,2019,11,2.0253102849200832,13.56,-14.526
MLBS,2019,12,1.7957681226765798,14.977,-11.488
MLBS,2020,1,-0.05422062732589049,14.154,-14.159
MLBS,2020,2,0.6554938074310827,13.964,-13.123
MLBS,2020,3,6.0038079069767445,26.86,-9.254
MLBS,2020,4,6.574941431670282,20.548,-5.221
MLBS,2020,5,10.112208292201382,24.692,-4.933
MLBS,2020,6,17.24234699646643,24.361,7.405
MLBS,2020,7,20.063478494623656,26.491,13.209
MLBS,2020,8,18.237906343283584,25.166,12.082
MLBS,2020,9,13.911797355253753,23.351,2.267
MLBS,2020,10,11.248069810620127,31.368,-2.765
MLBS,2020,11,6.814283214001591,17.924,-5.947
MLBS,2021,1,-6.949361502347418,3.961,-14.375
MLBS,2021,2,-3.3317744533947065,6.206,-13.556
MLBS,2021,3,5.7741174116077385,16.895,-9.801
MLBS,2021,4,6.705576633165829,23.557,-10.898
MLBS,2021,5,12.46345938215103,25.293,0.403
MLBS,2021,6,17.14219474727453,25.315,6.304
MLBS,2021,7,18.864475558923836,26.363,10.452
MLBS,2021,8,19.216964717741934,27.8,12.148
MLBS,2021,9,17.130104415584416,48.307,5.854
MLBS,2021,10,13.182233198924731,24.955,-0.37
MLBS,2021,11,3.7890149305555556,20.833,-9.368
MLBS,2021,12,6.44926646090535,16.748,-8.152
MLBS,2022,1,-3.1125940860215056,18.453,-16.444
MLBS,2022,2,1.4721889880952381,15.645,-12.643
MLBS,2022,3,5.935663828337875,20.484,-14.958
MLBS,2022,4,9.296362847222222,27.136,-5.01
MLBS,2022,5,15.352274865591397,29.43,1.021
MLBS,2022,6,18.73382667592914,29.342,5.818
MLBS,2022,7,19.806095853161114,28.075,12.352
MLBS,2022,8,18.102661475964794,25.686,11.012
MLBS,2022,9,14.250488517745303,23.656,2.964
MLBS,2022,10,7.8372475,18.788,-4.588
MLBS,2022,11,4.630135416666667,18.647,-9.367
MLBS,2022,12,-0.7954070556309362,13.561,-25.435
MLBS,2023,1,1.62789266487214,15.628,-12.524
MLBS,2023,2,3.9537012345679012,17.71,-14.978
MLBS,2023,3,3.141082901554404,20.808,-12.317
MLBS,2023,4,9.797578819444444,24.292,-3.881
MLBS,2023,5,11.656979502688172,23.521,-1.112
MLBS,2023,6,14.715085763888888,24.145,5.214
MLBS,2023,7,19.230305722070845,26.517,13.765
MLBS,2023,8,18.07967494456763,26.056,9.612
MLBS,2023,9,14.858834722222221,26.342,7.907
MLBS,2023,10,10.471887955182073,21.375,-0.037
MLBS,2023,11,4.189718402777777,18.466,-11.694
MLBS,2023,12,2.357797043010753,13.087,-9.477
ORNL,2016,1,2.524109569028488,17.91,-11.286
ORNL,2016,2,5.891029454022989,22.896,-7.742
ORNL,2016,3,13.296364394993047,27.63,-23.79
ORNL,2016,4,14.148605524861878,28.419,3.237
ORNL,2016,5,17.336555555555556,17.542,17.209
ORNL,2016,10,18.373981372549018,29.912,4.044
ORNL,2016,11,11.901822916666667,27.664,-2.348
ORNL,2016,12,4.83029435483871,20.616,-7.349
ORNL,2017,1,7.153496090973703,19.379,-13.474
ORNL,2017,2,9.183901785714285,25.671,-6.408
ORNL,2017,3,10.964473082099596,28.778,-7.343
ORNL,2017,4,18.10070902777778,31.324,4.384
ORNL,2017,5,19.661018467220682,31.159,4.737
ORNL,2017,6,22.163673302523996,31.932,13.372
ORNL,2017,7,24.704942876344084,34.107,17.849
ORNL,2017,8,23.391038681466533,33.847,13.898
ORNL,2017,9,20.217387287252517,31.814,9.641
ORNL,2017,10,16.01819467213115,29.226,-1.825
ORNL,2017,11,10.668627955493742,23.145,-3.104
ORNL,2017,12,4.455194875252865,19.105,-8.889
ORNL,2018,1,0.8980648957632819,19.201,-16.797
ORNL,2018,2,9.515027622247107,26.633,-7.278
ORNL,2018,3,8.651780817291456,24.811,-4.251
ORNL,2018,4,12.699109824561404,27.88,-1.587
ORNL,2018,5,22.209768837367882,32.252,9.998
ORNL,2018,6,23.89929400921659,33.201,14.944
ORNL,2018,7,24.616462550607288,32.923,16.821
ORNL,2018,8,23.71510860793544,33.444,15.366
ORNL,2018,9,23.33729742876998,32.689,14.201
ORNL,2018,10,16.654409823772028,32.373,2.037
ORNL,2018,11,6.912680727272727,19.894,-7.903
ORNL,2018,12,6.498224504249292,20.704,-4.265
ORNL,2019,1,4.177694556451613,20.123,-10.924
ORNL,2019,2,8.64828785046729,24.12,-3.564
ORNL,2019,3,9.367591397849463,24.888,-8.385
ORNL,2019,4,16.86711206281228,29.512,-1.5
ORNL,2019,5,21.710144825268817,31.338,7.785
ORNL,2019,6,22.326990331491714,33.328,10.369
ORNL,2019,7,25.068688844086022,33.589,15.783
ORNL,2019,8,24.38944820295983,35.226,14.813
ORNL,2019,9,24.99535034722222,34.333,14.431
ORNL,2019,10,17.171302083333334,34.05,2.051
ORNL,2019,11,7.462357763112192,20.293,-7.063
ORNL,2019,12,7.926114583333334,20.69,-4.635
ORNL,2020,1,6.590908602150537,22.07,-6.602
ORNL,2020,2,6.554239224137931,20.834,-5.703
ORNL,2020,3,13.041194594594595,28.803,-3.031
ORNL,2020,4,13.647966666666667,28.533,0.176
ORNL,2020,5,17.51495460659045,31.723,0.867
ORNL,2020,6,22.343697859992744,33.773,13.592
ORNL,2020,7,25.626969418960243,35.469,19.407
ORNL,2020,8,23.842374663978493,33.169,18.211
ORNL,2020,9,20.731933333333334,30.438,8.266
ORNL,2020,10,16.617375498368975,28.453,3.955
ORNL,2020,11,11.988856204379562,27.1,-0.849
ORNL,2020,12,4.11510248655914,17.263,-11.052
ORNL,2021,1,3.4306727150537633,18.156,-6.485
ORNL,2021,2,4.10022693452381,21.81,-8.805
ORNL,2021,3,12.328949596774194,25.161,-1.228
ORNL,2021,4,14.376321180555555,29.79,-2.91
ORNL,2021,5,18.377373355817877,31.547,6.637
ORNL,2021,6,22.998886221294363,33.316,15.282
ORNL,2021,7,24.071613911290324,32.713,16.095
ORNL,2021,8,24.13721956960323,34.621,17.515
ORNL,2021,9,20.627066342480028,31.716,8.618
ORNL,2021,10,16.569773857526883,28.154,4.461
ORNL,2021,11,7.990465972222222,23.39,-4.292
ORNL,2021,12,10.49289616935484,23.017,-2.931
ORNL,2022,1,2.1654897189856066,23.111,-10.005
ORNL,2022,2,6.5523244047619045,19.414,-6.744
ORNL,2022,3,12.902956941351151,28.855,-5.525
ORNL,2022,4,14.823008866615266,29.91,-0.269
ORNL,2022,5,20.75978291694801,30.261,11.225
ORNL,2022,6,24.539372569444446,34.607,14.842
ORNL,2022,7,25.2315293715847,34.674,20.124
ORNL,2022,8,23.530381359223302,33.006,17.616
ORNL,2022,9,20.393976041666665,32.775,7.957
ORNL,2022,10,14.046725193407333,25.337,-0.028
ORNL,2022,11,11.250038568450313,25.787,-3.833
ORNL,2022,12,5.491641344537815,19.321,-16.619
ORNL,2023,1,7.418284270798249,21.269,-3.389
ORNL,2023,2,10.380239188672025,27.098,-4.419
ORNL,2023,3,11.263694818304172,26.389,-4.93
ORNL,2023,4,15.26883806928766,30.719,3.648
ORNL,2023,5,18.494727022375216,28.808,5.832
ORNL,2023,6,21.197108407871198,31.158,12.226
ORNL,2023,7,24.030227504244483,32.938,8.904
ORNL,2023,8,23.4721172219992,35.248,15.84
ORNL,2023,9,21.484488194444445,32.709,12.621
ORNL,2023,10,16.122114401076715,29.957,4.974
ORNL,2023,11,10.733756947017413,26.302,-5.27
ORNL,2023,12,7.030832035595106,18.125,-4.065
OSBS,2016,1,11.792749327956988,25.651,-1.731
OSBS,2016,2,13.984852011494253,27.748,1.292
OSBS,2016,3,19.531940188172044,29.946,6.311
OSBS,2016,4,20.865247916666668,32.629,10.659
OSBS,2016,5,23.936942551119767,34.256,10.857
OSBS,2016,6,27.046366295264622,35.274,19.516
OSBS,2016,7,28.30390059642147,37.514,21.969
OSBS,2016,8,27.088943089430895,36.353,21.289
OSBS,2016,9,25.900335069444445,34.634,17.176
OSBS,2016,10,22.00496587537092,33.298,6.931
OSBS,2016,11,17.94472222222222,29.527,0.716
OSBS,2016,12,16.727413163481952,29.373,-0.703
OSBS,2017,1,15.779692958700068,28.984,-2.897
OSBS,2017,2,17.43275037202381,30.723,1.001
OSBS,2017,3,17.638118775235533,32.134,-0.694
OSBS,2017,4,21.831922969675844,35.278,5.951
OSBS,2017,5,24.534997311827958,36.087,9.425
OSBS,2017,6,25.28933333333333,35.557,16.468
OSBS,2017,7,26.803989919354837,35.959,20.747
OSBS,2017,8,26.838202834008097,36.119,20.262
OSBS,2017,9,25.75543219512195,34.705,19.827
OSBS,2017,10,22.447384744623655,33.961,3.175
OSBS,2017,11,17.901672569444443,29.032,4.276
OSBS,2017,12,14.432399455597142,28.06,0.275
OSBS,2018,1,10.189564852150538,26.602,-4.981
OSBS,2018,2,19.04878831845238,29.998,4.313
OSBS,2018,3,16.0261001344086,29.188,1.248
OSBS,2018,4,19.790209722222222,31.989,6.807
OSBS,2018,5,23.445193884408603,35.515,12.906
OSBS,2018,6,26.170019444444446,35.882,19.716
OSBS,2018,7,26.27946293800539,35.8,20.251
OSBS,2018,8,26.726131720430107,36.402,21.693
OSBS,2018,9,26.941655500226346,35.635,21.556
OSBS,2018,10,23.203332996632998,34.564,10.054
OSBS,2018,11,17.450652447552446,31.303,0.6
OSBS,2018,12,14.676867453157529,27.875,-0.789
OSBS,2019,1,13.015531586021506,27.631,-1
OSBS,2019,2,18.481151785714285,31.589,2.335
OSBS,2019,3,17.497261238025054,29.925,0.795
OSBS,2019,4,21.036759027777777,32.04,8.322
OSBS,2019,5,25.86571503426038,37.874,15.606
OSBS,2019,6,26.904834485407065,37.316,20.776
OSBS,2019,7,26.671151655119324,37.282,21.358
OSBS,2019,8,26.866416468186458,36.515,21.979
OSBS,2019,9,26.541639680333564,35.947,17.069
OSBS,2019,10,23.89451603053435,33.298,13.942
OSBS,2019,11,16.050064503669372,30.376,4.445
OSBS,2019,12,16.58911323924731,29.264,1.594
OSBS,2020,1,15.404433467741935,29.054,-0.955
OSBS,2020,2,15.978469827586206,31.068,2.211
OSBS,2020,3,21.667551932773108,34.966,1.592
OSBS,2020,4,22.065228125,33.66,9.374
OSBS,2020,5,23.7324623655914,37.144,8.799
OSBS,2020,6,26.250648470097357,36.665,17.966
OSBS,2020,7,27.647802083333332,37.234,22.382
OSBS,2020,8,27.440666782972784,37.048,21.692
OSBS,2020,9,25.992038194444444,37.042,15.303
OSBS,2020,10,23.902562163978494,33.209,13.091
OSBS,2020,11,20.26551256106071,30.3,7.396
OSBS,2020,12,12.53713265993266,27.505,-2.787
OSBS,2021,1,13.516248319892473,28.58,-0.619
OSBS,2021,2,16.10448325892857,31.16,-2.597
OSBS,2021,3,18.49479724277068,33.088,3.41
OSBS,2021,4,19.90137780149413,32.255,3.958
OSBS,2021,5,23.704674287856072,35.322,11.447
OSBS,2021,6,25.400755818248985,34.738,16.79
OSBS,2021,7,26.156383625312834,35.597,-61.943
OSBS,2021,8,18.14588480635551,217.132,-104.144
OSBS,2021,9,24.79900650054171,33.7,-51.482
OSBS,2021,10,22.713198252688173,31.996,10.249
OSBS,2021,11,16.235430389817026,27.116,4.961
OSBS,2021,12,18.15114043109079,27.63,4.667
OSBS,2022,1,12.381686770428015,28.812,-3.932
OSBS,2022,2,16.582380022962113,31.057,3.113
OSBS,2022,3,19.35882595217006,31.329,-0.792
OSBS,2022,4,21.456486765365636,32.408,5.495
OSBS,2022,5,25.290253297129556,34.725,12.486
OSBS,2022,6,27.696934263845115,40.63,20.834
OSBS,2022,7,27.06160962385632,36.35,21.279
OSBS,2022,8,26.913980538302276,36.044,20.272
OSBS,2022,9,24.52784423076923,34.791,14.551
OSBS,2022,10,20.68855570514978,31.297,5.11
OSBS,2022,11,19.28001377582968,30.686,5.288
OSBS,2022,12,14.276027238678925,27.923,-4.955
OSBS,2023,1,15.113398630136986,29.842,-1.605
OSBS,2023,2,18.43779138576779,31.232,4.188
OSBS,2023,3,19.230453008789723,32.141,2.35
OSBS,2023,4,21.793495756718528,33.145,8.43
OSBS,2023,5,23.22641944164144,34.756,12.06
OSBS,2023,6,25.651600626740947,36.337,16.439
OSBS,2023,7,27.565963088384695,37.809,21.246
OSBS,2023,8,28.02109268621503,37.962,21.995
OSBS,2023,9,25.398987085514833,34.748,15.268
OSBS,2023,10,21.54242385444744,31.416,8.716
OSBS,2023,11,17.17936992928917,29.7,2.752
OSBS,2023,12,14.835734104046242,27.74,1.2
SCBI,2016,1,1.7448723849372385,13.658,-11.889
SCBI,2016,3,11.201648255813954,21.971,0.734
SCBI,2016,4,9.763466431095406,25.081,-4.357
SCBI,2016,10,15.307764963503649,28.586,5.04
SCBI,2016,11,8.84714931237721,27.396,-3.192
SCBI,2016,12,2.3433655913978493,18.932,-11.895
SCBI,2017,1,2.381929457364341,20.095,-13.573
SCBI,2017,2,6.326560474308301,24.445,-8.656
SCBI,2017,3,5.4433775235531625,25.739,-9.2
SCBI,2017,4,14.817695138888888,31.372,0.914
SCBI,2017,5,15.870189287571502,30.057,4.351
SCBI,2017,6,21.815805555555556,33.852,10.403
SCBI,2017,7,23.8051935483871,33.516,13.528
SCBI,2017,8,21.375490927419357,31.608,13.016
SCBI,2017,9,18.875250347222224,28.956,8.46
SCBI,2017,10,15.640399663865546,29.878,3.484
SCBI,2017,11,6.883148407420371,23.305,-8.312
SCBI,2017,12,1.1661431451612903,15.586,-13.901
SCBI,2018,1,-0.5707637381869094,18.047,-17.595
SCBI,2018,2,6.341558823529412,26.734,-7.314
SCBI,2018,3,2.574040909090909,23.831,-7.014
SCBI,2018,4,9.49597533009034,30.805,-5.512
SCBI,2018,5,19.858019402405898,33.655,8.304
SCBI,2018,6,19.551667708333333,33.697,11.106
SCBI,2018,7,23.00206818181818,32.099,15.032
SCBI,2018,8,22.702164935858278,32.805,13.93
SCBI,2018,9,19.139248853689036,32.448,11.342
SCBI,2018,10,14.96829991783073,29.58,0.38
SCBI,2018,11,3.946681264108352,21.12,-5.004
SCBI,2018,12,3.031752521856086,16.702,-6.561
SCBI,2019,1,-0.06557022849462366,19.216,-17.679
SCBI,2019,2,2.895361852433281,20.127,-12.156
SCBI,2019,3,5.160095094086022,24.829,-9.603
SCBI,2019,4,13.294396732299958,26.331,-2.509
SCBI,2019,5,18.757407323518308,31.42,7.056
SCBI,2019,6,20.856872222222222,32.233,9.617
SCBI,2019,7,23.92135531628533,33.274,14.893
SCBI,2019,8,22.576648185483872,33.184,13.536
SCBI,2019,9,21.183667732764746,32.562,11.151
SCBI,2019,10,14.464868925393565,32.426,4.715
SCBI,2019,11,5.397448093220339,19.703,-7.736
SCBI,2019,12,3.5913194351042366,18.31,-8.982
SCBI,2020,1,3.1917166442048517,18.55,-9.873
SCBI,2020,2,4.349759525521208,19.991,-10.446
SCBI,2020,3,8.935426411290322,27.481,-6.213
SCBI,2020,4,10.09754548611111,24.028,-0.273
SCBI,2020,5,14.588574596774194,29.708,-1.088
SCBI,2020,6,20.985948611111112,32.177,8.033
SCBI,2020,7,24.826128813559322,34.875,17.768
SCBI,2020,8,22.34799299926308,32.89,14.578
SCBI,2020,9,17.498325694444443,28.528,4.288
SCBI,2020,10,13.674149529569892,26.04,-0
SCBI,2020,11,10.364614930555556,23.954,-2.122
SCBI,2020,12,2.117264887063655,16.449,-8.848
SCBI,2021,1,0.5140073924731182,12.179,-9.732
SCBI,2021,2,-0.24398958333333334,18.075,-11.498
SCBI,2021,3,8.221564602960969,26.687,-7.081
SCBI,2021,4,12.51969375,30.753,-4.888
SCBI,2021,5,16.071721102150537,30.527,4.397
SCBI,2021,6,21.660237447698744,32.144,10.169
SCBI,2021,7,23.635815860215054,32.515,14.553
SCBI,2021,8,23.46280309139785,33.385,15.885
SCBI,2021,9,19.585265625,30.045,10.192
SCBI,2021,10,15.789143246002041,27.021,7.857
SCBI,2021,11,6.619976033344911,23.306,-3.608
SCBI,2021,12,6.406442204301075,20.251,-6.047
SCBI,2022,1,-2.0377493934142112,17.31,-15.757
SCBI,2022,2,2.852352306547619,24.372,-10.576
SCBI,2022,3,8.099470430107527,24.67,-12.203
SCBI,2022,4,11.418880431004519,32.158,-1.681
SCBI,2022,5,17.730009517095525,33.143,4.229
SCBI,2022,6,21.514787152777778,32.416,11.65
SCBI,2022,7,23.707229166666668,32.621,15.504
SCBI,2022,8,22.626382857142858,33.176,13.427
SCBI,2022,9,18.728450573065903,28.327,7.1
SCBI,2022,10,11.591893871961657,23.736,2.843
SCBI,2022,11,8.814468716481946,24.807,-5.386
SCBI,2022,12,1.602545246277205,17.824,-17.861
SCBI,2023,1,4.881893042575285,20.097,-6.451
SCBI,2023,2,6.035365327380952,25.228,-13.192
SCBI,2023,3,6.505765993265993,26.7,-7.074
SCBI,2023,4,14.364796527777777,31.097,0.032
SCBI,2023,5,15.13022334342415,28.632,4.944
SCBI,2023,6,19.36582528409091,29.628,9.914
SCBI,2023,7,23.79149495967742,33.409,16.833
SCBI,2023,8,22.72335685483871,33.248,14.189
SCBI,2023,9,18.86740554962647,35.108,8.815
SCBI,2023,10,14.944571311138512,28.328,3.977
SCBI,2023,11,7.4981316155988855,25.392,-7.586
SCBI,2023,12,5.330872953736654,16.299,-5.607
SERC,2016,2,6.732886627906977,19.473,-5.218
SERC,2016,3,10.225936025589764,30.42,-5.422
SERC,2016,4,12.090066761363637,30.432,-3.373
SERC,2016,5,15.374675225537821,27.391,4.001
SERC,2016,6,21.156033994334276,31.903,9.144
SERC,2016,7,22.210737288135594,29.185,16.717
SERC,2016,10,16.230849635036495,29.508,5.181
SERC,2016,11,10.76095884244373,27.458,-0.202
SERC,2016,12,3.5920719086021506,19.671,-10.304
SERC,2017,1,3.7869233108108107,22.361,-14.063
SERC,2017,2,6.523285714285715,23.511,-8.322
SERC,2017,3,5.591924814959096,26.793,-8.104
SERC,2017,4,15.503244949494949,33.67,-0.655
SERC,2017,5,16.427861526658994,34.368,2.919
SERC,2017,6,22.622814490724537,33.005,9.227
SERC,2017,7,24.947136898755467,36.79,14.359
SERC,2017,8,22.72006857142857,33.8,14.41
SERC,2017,9,20.071177083333332,33.175,9.752
SERC,2017,10,16.42961626344086,29.438,2.084
SERC,2017,11,8.339007638888889,26.572,-4.874
SERC,2017,12,2.34186189516129,18.44,-12.083
SERC,2018,1,-0.3765860793544048,19.521,-21.016
SERC,2018,2,5.300158131176999,27.522,-11.865
SERC,2018,3,4.059410714285714,26.319,-5.939
SERC,2018,4,10.821200347222222,31.049,-1.864
SERC,2018,5,20.294889722430607,33.329,5.272
SERC,2018,6,20.765476012793176,35.529,2.644
SERC,2018,7,24.48782075471698,35.585,13.328
SERC,2018,8,24.999603494623656,34.837,14.51
SERC,2018,9,22.393831304347827,34.16,13.545
SERC,2018,10,15.226985215053764,32.126,0.622
SERC,2018,11,6.9418193817297675,24.18,-4.423
SERC,2018,12,4.530456989247312,15.843,-6.589
SERC,2019,1,1.1811485215053763,18.242,-14.181
SERC,2019,2,3.1722363026462914,21.731,-13.723
SERC,2019,3,5.922150537634408,26.978,-8.079
SERC,2019,4,14.439432638888889,30.214,-1.849
SERC,2019,5,19.085340622683468,34.386,8.572
SERC,2019,6,21.209119837114603,32.261,6.593
SERC,2019,7,27.79899627906977,39.078,18.389
SERC,2019,8,22.963750737463126,174.768,-103.863
SERC,2019,9,22.608468402777778,38.523,5.053
SERC,2019,10,16.461888737665873,36.723,3.419
SERC,2019,11,6.8362871527777775,24.205,-4.869
SERC,2019,12,4.4619889038332214,18.433,-7.344
SERC,2020,1,4.673252016129032,22.048,-7.908
SERC,2020,2,5.382576867816092,20.409,-6.804
SERC,2020,3,9.721458318296644,28.588,-6.797
SERC,2020,4,11.540649652777779,26.649,-0.621
SERC,2020,5,15.901603830645161,30.493,0.718
SERC,2020,6,22.504119791666668,33.699,9.094
SERC,2020,7,26.026291021671828,37.057,18.729
SERC,2020,8,24.30016364247312,35.141,17.174
SERC,2020,9,19.58255567338282,31.342,5.709
SERC,2020,10,14.95485868102288,26.25,3.921
SERC,2020,11,11.344939151599444,23.559,-3.039
SERC,2020,12,4.45064935641367,18.63,-5.512
SERC,2021,1,1.8601207400194741,12.82,-6.771
SERC,2021,2,1.47694578313253,13.978,-6.246
SERC,2021,3,8.731108336145798,30.213,-6.364
SERC,2021,4,12.977726734053677,31.533,-3.025
SERC,2021,5,16.72362419080068,31.795,5.041
SERC,2021,6,22.60795625,35.646,10.926
SERC,2021,7,25.01768580833943,35.027,15.096
SERC,2021,8,23.982678449744462,34.457,15.2
SERC,2021,9,21.144586383313655,30.741,10.566
SERC,2021,10,17.25271942204301,28.152,6.496
SERC,2021,11,7.8357399305555555,23.898,-3.326
SERC,2021,12,7.318330525606469,20.539,-5.356
SERC,2022,1,0.23089707401032702,17.022,-14.172
SERC,2022,2,3.924546165301564,23.583,-9.608
SERC,2022,3,8.647143481182797,26.837,-6.43
SERC,2022,4,12.237168402777778,30.893,-0.865
SERC,2022,5,17.89138862718708,34.201,5.348
SERC,2022,6,22.13390621743661,35.419,10.241
SERC,2022,7,24.84718884408602,35.336,15.323
SERC,2022,8,24.226201612903225,35.531,14.816
SERC,2022,9,20.25730763888889,30.979,8.199
SERC,2022,10,13.609429747530186,25.642,3.266
SERC,2022,11,10.005811805555556,26.711,-6.58
SERC,2022,12,2.8960753968253967,16.032,-13.552
SERC,2023,1,6.110321279554937,19.797,-5.022
SERC,2023,2,6.511096726190476,21.671,-9.59
SERC,2023,3,7.801700373260943,27.988,-5.29
SERC,2023,4,14.992505559416262,31.526,0.221
SERC,2023,5,16.14707689713322,26.651,4.634
SERC,2023,6,20.492946320654106,31.426,11.076
SERC,2023,7,25.041105920114124,35.592,17.793
SERC,2023,8,23.415575462184876,33.699,13.85
SERC,2023,9,20.255651146629603,35.53,10.708
SERC,2023,10,15.073446615021894,29.527,3.135
SERC,2023,11,7.562944153577662,24.355,-6.586
SERC,2023,12,5.8118778755074425,15.089,-5.406
STEI,2017,8,15.880575583361516,27.505,2.957
STEI,2017,9,15.04586769005848,31.37,-0.937
STEI,2017,10,7.021867183713039,24.524,-6.585
STEI,2017,11,-2.1263824771287827,11.215,-20.365
STEI,2017,12,-11.073669863013698,12.042,-34.88
STEI,2018,1,-10.541679756262695,4.69,-32.688
STEI,2018,2,-10.780162374020156,9.387,-31.806
STEI,2018,3,-3.3086415094339623,9.769,-18.203
STEI,2018,4,-2.361915590405904,16.748,-21.953
STEI,2018,5,16.223670368901228,33.843,-3.1
STEI,2018,6,17.641336233901846,32.815,2.152
STEI,2018,7,18.969434960737452,30.147,6.685
STEI,2018,8,18.6736200211491,29.905,5.57
STEI,2018,9,14.646057584269663,29.843,-2.267
STEI,2018,10,4.996868951612903,20.656,-6.476
STEI,2018,11,-4.18303431199151,7.966,-18.944
STEI,2018,12,-4.579740927419355,7.217,-20.897
STEI,2019,1,-11.621405241935484,6.545,-37.15
STEI,2019,2,-9.302381324404761,4.039,-33.166
STEI,2019,3,-2.6297799059139786,11.752,-27.718
STEI,2019,4,4.208888541666667,19.19,-11.328
STEI,2019,5,10.244741416309013,30.191,-2.657
STEI,2019,6,16.437133310128786,29.755,1.423
STEI,2019,7,20.191650873655913,31.163,3.893
STEI,2019,8,16.832733198924732,28.202,4.315
STEI,2019,9,15.028703289013295,26.543,5.305
STEI,2019,10,5.8732582491582495,23.988,-8.737
STEI,2019,11,-3.092829861111111,8.078,-17.814
STEI,2019,12,-5.806969086021505,5.142,-27.969
STEI,2020,1,-6.327025873655914,1.455,-26.455
STEI,2020,2,-8.062052083333333,9.887,-31.343
STEI,2020,3,0.19433635752688172,11.677,-16.206
STEI,2020,4,3.5738284722222224,18.921,-18.332
STEI,2020,5,11.580249663978494,28.013,-6.14
STEI,2020,6,17.774202083333332,31.104,2.293
STEI,2020,7,20.552286626344085,32.543,8.848
STEI,2020,8,18.542791330645162,29.208,4.364
STEI,2020,9,12.550350694444445,26.546,-2.472
STEI,2020,10,3.411311867835469,22.916,-14.077
STEI,2020,11,2.3517114583333334,22.451,-10.138
STEI,2020,12,-5.065430779569892,9.05,-23.866
STEI,2021,1,-7.192533938172043,1.732,-24.877
STEI,2021,2,-12.187970982142858,9.388,-37.342
STEI,2021,3,1.5629895833333334,17.163,-17.932
STEI,2021,4,6.029104513888889,27.277,-13.14
STEI,2021,5,11.642393817204301,28.066,-4.423
STEI,2021,6,18.984741675429373,33.4,4.381
STEI,2021,7,19.151691388400703,30.405,5.77
STEI,2021,8,18.871040740740742,28.691,6.091
STEI,2021,9,14.366627430555555,27.979,-0.502
STEI,2021,10,10.689167512690355,28.756,-5.109
STEI,2021,11,-0.27751446497037296,17.286,-16.228
STEI,2021,12,-5.7542330623306235,13.119,-27.44
STEI,2022,1,-13.327553177030241,1.432,-34.633
STEI,2022,2,-11.1970754857997,5.157,-31.421
STEI,2022,3,-3.3439959239130435,14.622,-25.383
STEI,2022,4,2.3856879358437935,18.962,-9.803
STEI,2022,5,13.276927496038034,35.001,-3.785
STEI,2022,6,17.909927397986223,32.311,5.124
STEI,2022,7,18.939894577298755,29.942,6.381
STEI,2022,8,17.942344628939342,28.637,7.063
STEI,2022,9,13.869344097222223,27.777,-3.094
STEI,2022,10,7.362828293010753,24.092,-5.05
STEI,2022,11,0.32304166666666667,22.242,-18.89
STEI,2022,12,-8.415654569892473,5.144,-27.394
STEI,2023,1,-6.643352624495289,1.892,-32.963
STEI,2023,2,-6.8459765625,9.096,-30.193
STEI,2023,3,-3.177246303763441,7.131,-25.714
STEI,2023,4,4.12862404447533,26.797,-12.41
STEI,2023,5,13.335336250420733,30.23,-3.159
STEI,2023,6,17.576049395877753,29.813,-0.202
STEI,2023,7,17.992419690860213,30.892,5.016
STEI,2023,8,18.131085463563526,29.916,2.256
STEI,2023,9,15.599259375,34.142,1.434
STEI,2023,10,7.454208669354839,29.111,-8.012
STEI,2023,11,-0.21674791666666668,17.312,-19.759
STEI,2023,12,-1.2696394489247311,9.491,-17.667
TALL,2016,1,6.102134899328859,22.234,-5.086
TALL,2016,2,9.925225899280576,24.447,-4.124
TALL,2016,3,15.4038820668693,30.633,1.333
TALL,2016,4,17.210438349954668,30.098,5.66
TALL,2016,5,21.140879704301074,33.313,8.6
TALL,2016,6,25.571415936952715,34.361,15.974
TALL,2016,7,26.90979677419355,35.058,16.903
TALL,2016,8,20.69,20.69,20.69
TALL,2017,1,11.386127795527157,25.53,-9.235
TALL,2017,2,13.388183681073025,27.152,-2.725
TALL,2017,3,15.035897945436174,34.657,-2.332
TALL,2017,4,20.543501934576152,34.616,4.568
TALL,2017,5,21.33140644276902,33.159,6.29
TALL,2017,6,23.637659818941504,33.029,14.554
TALL,2017,7,26.374489892183288,34.075,18.724
TALL,2017,8,25.419556940700808,33.767,17.052
TALL,2017,9,22.878059027777777,32.146,10.82
TALL,2017,10,18.36211631827377,30.291,0.802
TALL,2017,11,13.394798331015298,25.949,-1.76
TALL,2017,12,7.86191086786552,22.837,-4.593
TALL,2018,1,4.3471271015467385,22.179,-13.382
TALL,2018,2,13.617947133283693,27.771,-2.377
TALL,2018,3,13.210624663978495,29.354,-1.537
TALL,2018,4,15.872141061452513,30.689,0.475
TALL,2018,5,23.343930719837783,34.25,12.36
TALL,2018,6,26.342101475350844,35.12,16.251
TALL,2018,7,26.34628494623656,33.775,20.547
TALL,2018,8,25.548409825033648,34.212,17.303
TALL,2018,9,25.348089260808926,34.867,17.953
TALL,2018,10,19.371627484001348,32.08,3.699
TALL,2018,11,10.089913958641063,23.092,-4.087
TALL,2018,12,9.311474678760392,23.747,-2.27
TALL,2019,1,7.061806964164976,21.329,-5.564
TALL,2019,2,12.801364583333333,25.807,0.075
TALL,2019,3,12.395543830074175,26.085,-5.15
TALL,2019,4,17.70155109870945,30.301,-0.085
TALL,2019,5,23.4360733512786,33.779,10.509
TALL,2019,6,25.003825858444287,34.795,13.728
TALL,2019,7,26.201772543741587,34.096,16.586
TALL,2019,8,25.995863055181697,36.305,15.362
TALL,2019,9,27.04563923611111,36.02,17.156
TALL,2019,10,19.095659717552117,36.108,3.438
TALL,2019,11,10.079767361111111,23.413,-7.769
TALL,2019,12,10.595744918699188,22.972,-2.428
TALL,2020,1,10.323639770425387,22.107,-4.766
TALL,2020,2,10.621003243243242,23.283,-1.255
TALL,2020,3,17.455153897849463,29.86,1.907
TALL,2020,4,16.783519457956913,28.978,3.247
TALL,2020,5,20.5746999327957,31.8,6.209
TALL,2020,6,24.54563814616756,32.233,15.309
TALL,2020,7,26.02655551724138,34.291,20.35
TALL,2020,8,25.75111710164835,34.467,18.704
TALL,2020,9,22.898794363256783,31.751,10.333
TALL,2020,10,19.064320900537634,29.167,4.951
TALL,2020,11,14.57371111111111,24.121,0.488
TALL,2020,12,8.370368870728083,21.49,-5.651
TALL,2021,1,7.680128360215054,22.886,-2.945
TALL,2021,2,7.586740327380952,27.471,-11.193
TALL,2021,3,15.099235458028561,29.202,-0.515
TALL,2021,4,16.536043766090476,30.739,-0.827
TALL,2021,5,20.771688131785847,32.096,9.6
TALL,2021,6,24.320699652777776,33.153,16.775
TALL,2021,7,25.54316066252588,34.031,16.401
TALL,2021,8,25.667065026954177,34.366,18.567
TALL,2021,9,22.747150766016713,31.659,9.862
TALL,2021,10,19.226346334902487,29.719,5.793
TALL,2021,11,11.04922951388889,23.987,-2.157
TALL,2021,12,13.81069148199446,28.461,-0.539
TALL,2022,1,6.016818090114324,25.969,-6.142
TALL,2022,2,10.810845454545454,25.26,-2.806
TALL,2022,3,13.703149179702404,27.762,-4.771
TALL,2022,4,17.86907669616519,28.841,3.85
TALL,2022,5,23.282017038007865,33.198,11.039
TALL,2022,6,26.520980777267027,35.669,17.138
TALL,2022,7,26.912558467741935,35.797,20.913
TALL,2022,8,25.342838774823292,34.29,20.38
TALL,2022,9,23.23968298611111,34.21,9.435
TALL,2022,10,17.245243680485338,28.694,2.025
TALL,2022,11,13.397488857938718,28.552,-2.355
TALL,2022,12,10.254127032520325,25.366,-13.516
TALL,2023,1,10.88821409305462,23.886,-3.126
TALL,2023,2,13.343376860119047,28.768,-3.042
TALL,2023,3,14.622305241521069,28.995,-4.688
TALL,2023,4,17.48680729166667,30.817,6.333
TALL,2023,5,20.79408072653885,32.386,7.461
TALL,2023,6,24.912661085450345,35.459,17.029
TALL,2023,7,26.44572179665738,35.336,20.092
TALL,2023,8,27.37714012096774,37.142,17.767
TALL,2023,9,24.187492677824267,33.352,14.453
TALL,2023,10,18.70440557795699,31.266,5.587
TALL,2023,11,12.864158865248227,26.383,-2.336
TALL,2023,12,9.791572542372881,22.837,-2.168
TREE,2017,6,15.201751388888889,26.049,5.899
TREE,2017,7,19.18938071236559,30.703,6.884
TREE,2017,8,16.068069220430107,27.293,4.412
TREE,2017,9,15.44410763888889,30.237,0.011
TREE,2017,10,8.443323924731184,23.983,-6.829
TREE,2017,11,-2.3778850694444444,10.85,-20.205
TREE,2017,12,-11.201670362903226,11.874,-34.617
TREE,2018,1,-10.750458333333333,4.521,-32.684
TREE,2018,2,-11.069264136904762,9.069,-31.391
TREE,2018,3,-3.6907547043010753,9.756,-17.073
TREE,2018,4,-0.6593904133379646,25.81,-18.691
TREE,2018,5,16.294992261103634,33.477,-3.168
TREE,2018,6,17.996733596271064,33.786,3.18
TREE,2018,7,20.086739555256063,33.1,8.121
TREE,2018,8,19.493260752688172,32.543,6.929
TREE,2018,9,15.162133169360507,31.353,-1.905
TREE,2018,10,5.008134117647058,21.307,-6.456
TREE,2018,11,-4.246969770674079,7.134,-18.745
TREE,2018,12,-4.740120295698925,7.04,-19.322
TREE,2019,1,-11.881178137651823,6.484,-36.74
TREE,2019,2,-7.660744038748137,4.138,-27.883
TREE,2019,3,-2.5731732148957978,12.579,-27.756
TREE,2019,4,4.187723263888889,19.548,-10.736
TREE,2019,5,10.446720492644543,30.405,-2.485
TREE,2019,6,16.818734375,29.931,2.382
TREE,2019,7,20.516243951612903,30.986,5.271
TREE,2019,8,17.133703315290933,27.747,4.955
TREE,2019,9,15.009239583333333,26.504,6.137
TREE,2019,10,5.679381720430108,23.538,-8.612
TREE,2019,11,-3.4984324712643677,7.547,-18.752
TREE,2019,12,-6.105199932569117,4.801,-26.627
TREE,2020,1,-6.077759072580645,0.593,-21.465
TREE,2020,2,-6.3822643678160915,8.773,-26.203
TREE,2020,3,-0.40336189516129034,11.358,-16.21
TREE,2020,4,3.2780315972222223,18.444,-18.044
TREE,2020,5,11.469192876344087,27.701,-7.119
TREE,2020,6,18.012877083333333,30.896,2.973
TREE,2020,7,20.86142305107527,32.901,9.69
TREE,2020,8,18.787681179293795,29.662,4.688
TREE,2020,9,12.519290782608696,27.15,-1.67
TREE,2020,10,3.2213585349462366,22.25,-12.47
TREE,2020,11,2.209257638888889,22.649,-10.586
TREE,2020,12,-5.4051827956989245,9.137,-23.182
TREE,2021,1,-7.561619623655914,1.294,-23.978
TREE,2021,2,-12.254441220238096,8.381,-34.092
TREE,2021,3,1.2318335015136226,17.129,-16.048
TREE,2021,4,5.7942961805555555,27.234,-12.219
TREE,2021,5,11.510444892473119,27.42,-4.524
TREE,2021,6,19.173701141226818,33.82,5.3
TREE,2021,7,19.69033872669715,30.123,7.21
TREE,2021,8,20.980778121775025,53.962,7.338
TREE,2021,9,16.319705208333332,32.159,1.066
TREE,2021,10,12.343381384408602,29.908,-4.826
TREE,2021,11,1.3119440583738706,19.29,-14.327
TREE,2021,12,-4.1583733198924735,15.248,-25.163
TREE,2022,1,-11.607381048387097,3.267,-32.835
TREE,2022,2,-10.426323660714285,4.989,-29.151
TREE,2022,3,-2.8379156586021503,14.708,-22.94
TREE,2022,4,2.7007275886031965,19.17,-9.341
TREE,2022,5,13.66206,34.165,-3.392
TREE,2022,6,17.39674535714286,32.389,2.151
TREE,2022,7,19.919683467741937,30.199,9.887
TREE,2022,8,18.601171745152353,28.77,7.752
TREE,2022,9,14.577647222222222,28.358,-2.177
TREE,2022,10,8.074474798387097,24.068,-4.848
TREE,2022,11,0.9842225694444444,23.126,-16.035
TREE,2022,12,-7.793906922043011,5.623,-25.901
TREE,2023,1,-5.998457325268817,2.314,-28.196
TREE,2023,2,-6.215955729166667,9.285,-28.175
TREE,2023,3,-2.440887432795699,6.485,-17.321
TREE,2023,4,4.685418693537178,28.188,-7.661
TREE,2023,5,13.969516542876434,30.234,-2.578
TREE,2023,6,18.090230662020907,30.381,1.227
TREE,2023,7,18.34222857142857,30.982,5.687
TREE,2023,8,18.21403057795699,29.637,3.588
TREE,2023,9,15.693527835768963,33.32,2.557
TREE,2023,10,7.537061272850372,29.028,-7.967
TREE,2023,11,-0.021059727558505038,17.562,-17.023
TREE,2023,12,-1.1413385558583107,9.636,-15.734
UKFS,2016,1,8.112252427184465,20.718,-0.518
UKFS,2016,2,5.519551724137931,25.291,-8.491
UKFS,2016,3,11.57087432795699,26.627,-3.884
UKFS,2016,4,15.081041681139284,28.748,-0.745
UKFS,2016,5,17.556123991935483,30.267,5.795
UKFS,2016,6,26.027456235476375,38.586,14.86
UKFS,2016,7,26.315272342427093,35.916,17.159
UKFS,2016,8,25.762975359342917,36.811,15.574
UKFS,2016,9,22.94925790229885,33.039,10.194
UKFS,2016,10,17.681210312075983,31.33,4.034
UKFS,2016,11,12.249786366830639,26.275,-2.623
UKFS,2016,12,0.11968871595330739,19.866,-23.926
UKFS,2017,1,0.7013106164383561,18.65,-18.834
UKFS,2017,2,7.822274420717855,27.924,-10.052
UKFS,2017,3,9.799692766853932,31.491,-6.918
UKFS,2017,4,14.691888688760807,26.942,1.595
UKFS,2017,5,18.423778516445065,31.198,3.49
UKFS,2017,6,23.438698999230176,33.008,12.329
UKFS,2017,7,26.040816285329743,38.253,16.008
UKFS,2017,8,22.204077777777776,32.446,11.413
UKFS,2017,9,21.568998210450967,31.446,9.703
UKFS,2017,10,14.59018688746198,28.889,-3.121
UKFS,2017,11,7.7732164517253395,24.873,-8.883
UKFS,2017,12,0.831493935309973,21.202,-19.611
UKFS,2018,1,-2.3977854683195594,19.124,-24.145
UKFS,2018,2,0.1103924851190476,20.882,-18.228
UKFS,2018,3,6.717188844086022,25.095,-8.596
UKFS,2018,4,8.689570528526426,28.577,-8.645
UKFS,2018,5,23.074478556111508,34.503,11.184
UKFS,2018,6,25.378497380088675,36.429,15.33
UKFS,2018,7,25.666687972768532,37.072,15.378
UKFS,2018,8,25.0316734006734,36.957,15.479
UKFS,2018,9,21.502228125,33.722,7.33
UKFS,2018,10,13.115913218970737,31.818,-0.944
UKFS,2018,11,2.883193873999304,16.966,-11.724
UKFS,2018,12,2.2201666666666666,14.79,-9.38
UKFS,2019,1,-1.4635883940620782,16.47,-20.917
UKFS,2019,2,-2.1418171641791046,18.425,-16.391
UKFS,2019,3,4.308971720613288,21.906,-20.534
UKFS,2019,4,14.038279339423752,30.106,-0.378
UKFS,2019,5,16.98802185608608,31.712,4.07
UKFS,2019,6,22.723848905870092,33.405,10.666
UKFS,2019,7,25.406570934256056,34.997,15.355
UKFS,2019,8,23.829589162959966,34.566,15.125
UKFS,2019,9,23.226353284671532,33.008,13.522
UKFS,2019,10,11.291976775496465,30.416,-5.83
UKFS,2019,11,5.073750607849948,20.314,-14.391
UKFS,2019,12,3.2144229152067276,17.995,-8.55
UKFS,2020,1,-0.1789398865784499,18.413,-15.087
UKFS,2020,2,1.6444075539568346,20.551,-18.215
UKFS,2020,3,9.224257065948857,23.297,-5.219
UKFS,2020,4,11.752900347222223,33.198,-3.046
UKFS,2020,5,16.371644825268817,28.281,4.07
UKFS,2020,6,24.8453860076575,33.773,13.608
UKFS,2020,7,25.30685478436658,34.379,17.299
UKFS,2020,8,23.666292188028407,34.961,13.364
UKFS,2020,9,18.709598798161895,33.464,5.006
UKFS,2020,10,11.282540404040404,32.246,-4.235
UKFS,2020,11,9.06668104347826,26.098,-8.147
UKFS,2020,12,1.72672311827957,20.618,-15.877
UKFS,2021,1,0.147496126641967,14.31,-8.371
UKFS,2021,2,-6.070378327709037,21.037,-28.159
UKFS,2021,3,9.122949158249158,23.881,-6.001
UKFS,2021,4,11.785753824756606,30.142,-3.915
UKFS,2021,5,15.871396493594066,28.757,2.707
UKFS,2021,6,23.921619080779944,36.405,12.18
UKFS,2021,7,24.07924264351182,34.743,16.788
UKFS,2021,8,25.42823249097473,35.18,15.65
UKFS,2021,9,22.253162020905922,32.989,9.51
UKFS,2021,10,15.398619808306709,31.509,1.946
UKFS,2021,11,8.422527088430618,23.09,-5.249
UKFS,2021,12,6.173609401420358,23.05,-8.623
UKFS,2022,1,-1.9789131897711978,19.506,-18.831
UKFS,2022,2,-0.05210949720670391,20.141,-17.644
UKFS,2022,3,6.876115488215488,29.728,-14.812
UKFS,2022,4,12.066327310632383,29.259,-2.532
UKFS,2022,5,18.493068977119783,33.12,5.514
UKFS,2022,6,24.83257336523126,36.479,11.608
UKFS,2022,7,26.014531856899488,37.314,16.691
UKFS,2022,8,25.28011130195809,35.905,16.242
UKFS,2022,9,21.67224938960586,37.008,8.855
UKFS,2022,10,14.819655278442092,29.405,-3.959
UKFS,2022,11,6.00876594253679,26.755,-8.844
UKFS,2022,12,-0.13186852723604572,19.407,-21.16
UKFS,2023,1,1.602874831309042,16.245,-14.441
UKFS,2023,2,3.4777339791356185,20.302,-13.749
UKFS,2023,3,5.835140350877193,26.916,-10.751
UKFS,2023,4,13.484242244684559,29.736,-1.258
UKFS,2023,5,19.213601886156955,33.774,3.314
UKFS,2023,6,23.510237214791502,34.914,7.699
UKFS,2023,7,24.775136849607982,38.064,17.013
UKFS,2023,8,25.53050311942959,40.562,14.268
UKFS,2023,9,22.373603550295858,36.196,10.832
UKFS,2023,10,14.64166981450253,33.032,-4.368
UKFS,2023,11,7.884279401530967,25.335,-8.749
UKFS,2023,12,4.556275873655914,18.159,-6.376
